obj_id,ra,dec,filter,mjd,instrument_name,snr,origin,mag,magerr,magsys,limiting_mag
ZTF18abjyjdz,238.0443812,13.0227126,ztfr,58328.20909720007,ZTF,14.441630274957149,,19.387500994934644,0.0751809999346733,ab,20.539116539798663
ZTF18abjyjdz,238.0443962,13.0226953,ztfr,58328.26287040021,ZTF,14.753747066840496,,19.41313190207765,0.0735905393958091,ab,20.58796272571542
ZTF18abjyjdz,238.0443627,13.0227137,ztfr,58332.27281250013,ZTF,8.621538036336934,,19.174700201988983,0.1259330064058303,ab,19.766237062529232
ZTF18abjyjdz,238.044335,13.0226796,ztfg,58336.23474540003,ZTF,8.112558610258553,,19.29010009765625,0.1338340044021606,ab,20.494400024414062
ZTF18abjyjdz,238.0444089,13.0226942,ztfr,58339.15314809978,ZTF,12.367988609655107,,18.678699856536777,0.0877859964966774,ab,19.66202253722004
ZTF18abjyjdz,238.0443748,13.0227139,ztfr,58343.15173610021,ZTF,10.607346869920445,,18.63460017182269,0.1023570001125335,ab,19.451192088256843
ZTF18abjyjdz,238.0443593,13.0226981,ztfg,58343.1708217999,ZTF,10.80936882949011,,19.127700805664062,0.1004439964890479,ab,20.647899627685547
ZTF18abjyjdz,238.0443638,13.0226844,ztfr,58346.1706249998,ZTF,11.268785293768492,,18.643400212987327,0.0963490009307861,ab,19.52566796283813
ZTF18abjyjdz,238.0443194,13.022643,ztfr,58358.19026619988,ZTF,5.844172400884268,,19.130199737837884,0.1857810020446777,ab,19.299582274434947
ZTF18abjyjdz,238.0443886,13.0227376,ztfr,58361.13814810012,ZTF,7.358217166026115,,19.23878718678698,0.1475542485713958,ab,19.65829367892737
