obj_id,ra,dec,filter,mjd,instrument_name,snr,origin,mag,magerr,magsys,limiting_mag
ZTF18acnncve,123.6996364,33.8883788,ztfr,58438.51383099984,ZTF,12.199968288044149,,19.300600376494003,0.0889950022101402,ab,20.269072120138915
ZTF18acnncve,123.6995951,33.8883973,ztfr,58439.335706000216,ZTF,8.672430150135142,,19.148300475659408,0.1251939982175827,ab,19.746227491355963
ZTF18acnncve,123.6996386,33.888395,ztfg,58439.44120369991,ZTF,10.732118139794691,,19.22509985618909,0.1011670008301734,ab,20.054388457263286
ZTF18acnncve,123.6996595,33.88837,ztfr,58441.37273149984,ZTF,9.962619362361044,,18.97929982256435,0.1089809983968734,ab,19.72780865604193
ZTF18acnncve,123.6996245,33.888322,ztfr,58441.43371530017,ZTF,13.096938126927595,,18.93260048482702,0.0829000025987625,ab,19.97809991350689
ZTF18acnncve,123.699626,33.8883897,ztfg,58441.476446799934,ZTF,14.73963442784838,,19.03280067443848,0.0736609995365142,ab,20.95549964904785
ZTF18acnncve,123.6996282,33.8883983,ztfr,58443.36775460001,ZTF,11.71025112202443,,18.727634705692186,0.0927167311310767,ab,19.65162521599592
ZTF18acnncve,123.6995377,33.8883874,ztfr,58447.45248840004,ZTF,9.718716953036916,,18.566999560854647,0.1117160022258758,ab,19.28859688491361
ZTF18acnncve,123.6996356,33.88839,ztfr,58455.49498840002,ZTF,13.853094090544204,,18.676099924572306,0.0783749967813491,ab,19.782541873655035
ZTF18acnncve,123.699639,33.8883877,ztfr,58461.5113309999,ZTF,10.146972583023162,,19.02339980789001,0.1070009991526603,ab,19.791816014346384
ZTF18acnncve,123.6995577,33.8883888,ztfg,58464.47868059995,ZTF,7.358229798565533,,20.191200256347656,0.1475539952516555,ab,20.96190071105957
ZTF18acnncve,123.6996518,33.8883707,ztfr,58464.52759259986,ZTF,12.30045138442635,,19.13820098619856,0.0882679969072341,ab,20.11557859748722
ZTF18acnncve,123.6996508,33.8883637,ztfr,58472.40239580022,ZTF,7.606070877543729,,19.541700618297305,0.1427460014820099,ab,19.99717652767927
ZTF18acnncve,123.6997006,33.8882235,ztfr,58480.43513889983,ZTF,5.982314220311615,,19.8880999002442,0.1814910024404525,ab,20.082847940799496
ZTF18acnncve,123.6997168,33.8883196,ztfr,58481.44804400019,ZTF,6.469398859076713,,19.96599424631188,0.1678264439105987,ab,20.245729054487107
ZTF18acnncve,123.6996119,33.8883827,ztfr,58486.47187499981,ZTF,7.924965736531257,,19.881201181161245,0.1370020061731338,ab,20.38126965339186
ZTF18acnncve,123.6996345,33.8883323,ztfr,58493.45490740007,ZTF,8.36365502541029,,20.177538248154303,0.1298159956932067,ab,20.736103515382048
