obj_id,ra,dec,filter,mjd,instrument_name,snr,origin,mag,magerr,magsys,limiting_mag
ZTF20aanvmdt,208.0748778,13.5754734,ztfr,58894.5014698999,ZTF,11.07295233347086,,18.78730010986328,0.0980530008673667,ab,20.186199188232425
ZTF20aanvmdt,208.0749186,13.5754743,ztfg,58894.54442129983,ZTF,11.67382970625449,,18.57040023803711,0.0930059999227523,ab,20.069499969482425
ZTF20aanvmdt,,,ztfg,58963.29196760012,ZTF,5.15515489546082,fp,21.185169499778507,0.2106117520763797,ab,20.7784
ZTF20aanvmdt,,,ztfr,58979.31209489983,ZTF,7.78907083479068,fp,20.008338140775063,0.1393922622848129,ab,19.981
ZTF20aanvmdt,,,ztfr,58998.26915509999,ZTF,7.824008189102461,fp,20.538834468671443,0.1387698195753909,ab,20.6287
ZTF20aanvmdt,,,ztfr,59019.18728009984,ZTF,5.845327002285767,fp,21.011927736039524,0.1857443055510087,ab,20.8142
