obj_id,ra,dec,filter,mjd,instrument_name,snr,origin,mag,magerr,magsys,limiting_mag
ZTF20abrmmah,339.9554044,-6.4377727,ztfr,59073.44103009999,ZTF,6.096866983704161,,19.820000032193462,0.1780810058116912,ab,20.035341821490857
ZTF20abrmmah,339.9554456,-6.4378048,ztfr,59076.35646989988,ZTF,9.85214762957498,,19.267700494804608,0.1102029979228973,ab,20.004102761225862
ZTF20abrmmah,339.9553968,-6.4377713,ztfg,59079.32350690011,ZTF,10.244050973423818,,18.9328997129816,0.1059869974851608,ab,19.71165402916612
ZTF20abrmmah,339.9554641,-6.4377828,ztfr,59079.35612270003,ZTF,11.190849333162973,,18.84720040435616,0.097020000219345,ab,19.721933015267776
ZTF20abrmmah,339.9554328,-6.4377976,ztfg,59084.40287039988,ZTF,11.433857137598546,,18.73329953232365,0.0949579998850822,ab,19.631356425336087
ZTF20abrmmah,339.9554333,-6.4378045,ztfg,59088.35226849979,ZTF,7.951082056667172,,19.131800076611285,0.1365520060062408,ab,19.635440654475907
ZTF20abrmmah,339.9554656,-6.4377784,ztfr,59088.357175900135,ZTF,12.830424292682988,,18.635500248717737,0.0846220031380653,ab,19.658677783905446
ZTF20abrmmah,339.95544,-6.437778,ztfg,59089.35813659988,ZTF,7.4088419936628895,,19.313200265911327,0.1465460062026977,ab,19.740151087076555
ZTF20abrmmah,339.9554764,-6.4377625,ztfr,59098.31399310008,ZTF,5.583597826364356,,19.350201016604185,0.1944510042667389,ab,19.470061329550816
ZTF20abrmmah,339.9554344,-6.4376475,ztfr,59111.25265049981,ZTF,4.798621824068403,,20.54509955716416,0.2262600064277648,ab,20.500465858437973
