obj_id,ra,dec,filter,mjd,instrument_name,snr,origin,mag,magerr,magsys,limiting_mag
ZTF20aaiahra,165.7475853,-16.292157,ztfr,58873.31460649986,ZTF,11.408147055252984,,18.800500869750977,0.0951720029115676,ab,19.91080093383789
ZTF20aaiahra,165.747616,-16.2922138,ztfr,58876.354050899856,ZTF,12.555637383311996,,18.543500900268555,0.0864740014076233,ab,20.206100463867188
ZTF20aaiahra,165.7476124,-16.2921157,ztfr,58895.42258099979,ZTF,5.91501325514487,,19.44529914855957,0.1835560053586959,ab,19.867300033569336
ZTF20aaiahra,165.7478018,-16.2920746,ztfr,58900.27118059993,ZTF,5.4138923203995954,,19.606613159179688,0.2005463242530822,ab,19.91163825988769
