obj_id,ra,dec,filter,mjd,instrument_name,snr,origin,mag,magerr,magsys,limiting_mag
ZTF20abysxbk,279.2461751,30.6159151,ztfr,59111.23755790014,ZTF,10.666747180054704,,18.961700439453125,0.1017870008945465,ab,20.376300811767575
ZTF20abysxbk,279.2461654,30.6158915,ztfr,59114.183854199946,ZTF,7.867026940663818,,18.962900161743164,0.1380109935998916,ab,20.275999069213867
ZTF20abysxbk,279.2461716,30.6158421,ztfg,59114.195162000135,ZTF,4.638906979001457,,20.312700271606445,0.2340500056743621,ab,20.534400939941406
ZTF20abysxbk,279.2461892,30.6159049,ztfr,59129.117337999865,ZTF,5.353089116589378,,19.828134536743164,0.2028242349624633,ab,20.619007110595703
