ZTFID,type,z,kernel,g_filter,r_filter,fwhm_g_obs,fwhm_r_obs,rise_g_obs,rise_r_obs,fade_g_obs,fade_r_obs,fwhm_g,fwhm_r,rise_g,rise_r,fade_g,fade_r,peakphase_g,peakphase_r,fwhm_g_ll,fwhm_r_ll,g_is_limit,r_is_limit,fwhm_brightest_ll,brightest_is_limit,M_g,M_r,dt_peak_g_minus_r,brightest_band,M_brightest,fwhm_brightest,color_gr,color_at_rpeak,color_at_gpeak
ZTF18aaexyql,SN Ib,0.03,gibbs,ztfg,ztfr,,,,,14.602316303523773,21.733951381802918,,,,,14.177006119925993,21.100923671653316,0.6728889122029944,2.89200431449952,20.63327855910561,29.733195918631143,True,True,29.733195918631143,True,-16.796249707554125,-17.343921442185827,-2.2191154022965254,r,-17.343921442185827,,0.5476717346317024,0.5697768016909386,0.5279249671193824
ZTF18aakkrjm,SN Ib,0.02091,gibbs,ztfg,ztfr,20.297470234762187,23.95504195286128,9.430944850020717,10.466527005873894,10.866525384741468,13.488514946987385,19.88174298886502,23.46440132123427,9.23778281143364,10.25215445619486,10.643960177431378,13.212246865039411,-3.290291477663132,-0.32512842620839777,19.88174298886502,23.46440132123427,False,False,23.46440132123427,False,-16.298264064157554,-16.909816868969994,-2.9651630514547342,r,-16.909816868969994,23.46440132123427,0.6115528048124403,0.680217183626155,0.5540975148396363
ZTF18aaqjovh,SN Ic-BL,0.054,gibbs,,ztfr,,,,,,15.131043432749848,,,,,,14.355828683823384,,0.6479838925634489,,21.673156000853798,False,True,21.673156000853798,True,,-18.642207583465648,,r,-18.642207583465648,,,,
ZTF18aaxiuyp,SN Ic,0.0303,gibbs,ztfg,ztfr,,28.355565563307458,,12.469154043461511,12.486780966098058,15.886411519845948,,27.521659286913966,,12.102449814094449,12.11955834814914,15.419209472819517,-8.753061317836956,-3.7614335650829034,19.178839317093768,27.521659286913966,True,False,27.521659286913966,False,-16.64215472177396,-17.076535544387575,-4.991627752754052,r,-17.076535544387575,27.521659286913966,0.43438082261361544,0.5956009117451941,0.3255843775762024
ZTF18abdffeo,SN Ib/c,0.01479,matern32,ztfg,ztfr,,11.423663148909109,,2.4679868429110576,10.060403276447246,8.95567630599805,,11.25716961037171,,2.432017306941394,9.91377849254254,8.825152303430315,-0.02170955192089341,0.003831449257355679,12.799630193892517,11.25716961037171,True,False,11.25716961037171,False,-15.923204342969903,-17.112420463990524,-0.02554100117824909,r,-17.112420463990524,11.25716961037171,1.1892161210206211,1.189459674444855,1.1888027850631602
ZTF18abdkkwa,SN Ic,0.02531,changepoint_1,ztfg,ztfr,22.903933482246778,33.34345686831068,8.911338764030399,13.389067293798503,13.992594718216377,19.95438957451218,22.338544910560493,32.52036639485686,8.691360431508908,13.05855526016376,13.647184479051583,19.4618111346931,-8.463021467649304,-2.14812305097643,22.338544910560493,32.52036639485686,False,False,32.52036639485686,False,-16.91258494858238,-17.277668068900976,-6.314898416672873,r,-17.277668068900976,32.52036639485686,0.36508312031859447,0.5505236049459334,0.2564191473539985
ZTF18abeamgv,SN Ib,0.0351,changepoint_1,ztfg,ztfr,,27.302123508755987,7.8879846786660135,10.071792328284086,,17.2303311804719,,26.376314857265953,7.620504954754144,9.73026019542468,,16.646054661841273,0.2220217840851788,2.616584961166536,18.18396724393414,26.376314857265953,True,False,26.376314857265953,False,-16.820994577638814,-17.304144478994527,-2.3945631770813574,r,-17.304144478994527,26.376314857265953,0.4831499013557128,0.537813335010874,0.44847306386561314
ZTF18abecbks,SN Ic,0.02965,gibbs,ztfg,ztfr,,32.14544777517897,,11.969292970695772,14.572438106983254,20.1761548044832,,31.219781260796363,,11.624622901661509,14.152807368507021,19.595158359134853,-0.630250732691918,3.4039086354186985,22.11662620742453,31.219781260796363,True,False,31.219781260796363,False,-17.24239880683704,-17.654312381018915,-4.0341593681106165,r,-17.654312381018915,31.219781260796363,0.4119135741818738,0.4909969118190354,0.3473332956124757
ZTF18abeyqpr,SN Ic,0.0375,changepoint,ztfg,ztfr,22.92732011811593,31.378369594009477,12.980490217832983,13.156169315210859,9.946829900282946,18.222200278798617,22.098621800593666,30.2442116568766,12.511315872610103,12.680645123094802,9.58730592798356,17.5635665337818,0.3167721923020821,2.731831582738092,22.098621800593666,30.2442116568766,False,False,30.2442116568766,False,-16.696698277674276,-17.232987288866006,-2.41505939043601,r,-17.232987288866006,30.2442116568766,0.5362890111917302,0.5581435530738688,0.5123947341007167
ZTF18abfcmjw,SN Ib,0.0213,changepoint_1,,,,,,,,,,,,,,,,,,,False,False,,False,,,,,,,,,
ZTF18abfzhct,SN Ic,0.04,matern32,ztfg,ztfr,,27.776183478978083,,12.546023201995089,11.209333321212444,15.230160276982993,,26.707868729786618,,12.0634838480722,10.778205116550426,14.644384881714416,-1.7588747663361364,0.6209131581766663,23.598041591235827,26.707868729786618,True,False,26.707868729786618,False,-18.108265376839473,-18.353854112998278,-2.3797879245128026,r,-18.353854112998278,26.707868729786618,0.24558873615880472,0.28806340812831976,0.21061276415739272
ZTF18abhhnnv,SN Ic-BL,0.0638,changepoint_1,ztfg,ztfr,13.215594682454729,26.2935425559957,7.085282472752518,9.455028827778415,6.130312209702209,16.838513728217286,12.423006845699124,24.716622068053862,6.660352014243766,8.88797596143863,5.762654831455357,15.828646106615233,-3.087552121940818,0.6327998426203116,12.423006845699124,24.716622068053862,False,False,24.716622068053862,False,-17.955259392745855,-18.25714356447511,-3.7203519645611296,r,-18.25714356447511,24.716622068053862,0.30188417172925597,0.6681173227208106,0.16922834293844957
ZTF18abjyjdz,SN Ib,0.04,matern32,,ztfr,,,,,,,,,,,,,,0.5911755064382849,,31.662548942355127,False,True,31.662548942355127,True,,-17.582924589460823,,r,-17.582924589460823,,,,
ZTF18abkjnqy,SN Ic,0.02418,gibbs,,ztfr,,,,,,,,,,,,,,-0.8822890243077453,,34.026521119546274,False,True,34.026521119546274,True,,-17.177359213335908,,r,-17.177359213335908,,,,
ZTF18aboabxv,SN Ic,0.029,changepoint,ztfg,,,,,,,,,,,,,,-6.714633805042747,,15.5004297375889,,True,False,15.5004297375889,True,-15.899842279629805,,,g,-15.899842279629805,,,,
ZTF18abukavn,SN Ic-BL,0.03154,matern32,ztfg,ztfr,,15.257046169839532,,3.9013452046658497,7.075775856608152,11.355700965173682,,14.790552154874783,,3.782059061854945,6.859429451701487,11.008493093019837,0.5534986036365157,1.5951224602362872,9.357136475851586,14.790552154874783,True,False,9.357136475851586,True,-19.786480800959353,-19.454490093067562,-1.0416238565997715,g,-19.786480800959353,,-0.33199070789179075,-0.3118478844415016,-0.3717418843470348
ZTF18achcpwu,SN Ic,0.0552,matern32,ztfg,ztfr,,66.24917020137144,,33.11864520410781,,33.13052499726363,,62.78351990274019,,31.386130784787536,,31.397389117952645,-1.814878010310526,15.18533934570948,28.33809818017951,62.78351990274019,True,False,62.78351990274019,False,-17.771527567608274,-18.36935547623116,-17.000217356020006,r,-18.36935547623116,62.78351990274019,0.5978279086228859,,0.49400089049252216
ZTF18achdidy,SLSN-I,0.132,changepoint_1,ztfg,ztfr,,,,,22.946733587758064,23.647167594534892,,,,,20.270966066924082,20.889724023440714,-2.602583231990519,0.6002281605347104,23.26851639201602,26.661533882343136,True,True,23.26851639201602,True,-20.34167479533367,-20.20334525795501,-3.2028113925252293,g,-20.34167479533367,,-0.1383295373786595,-0.09971011108240191,-0.23966240345888679
ZTF18acizepv,SN Ic,0.01529,changepoint_1,,ztfr,,23.717790073480586,,10.23501964304107,,13.482770430439517,,23.36060640160012,,10.08088294284497,,13.27972345875515,,-21.69570628646295,,23.36060640160012,False,False,23.36060640160012,False,,-17.15073188195076,,r,-17.15073188195076,23.36060640160012,,,
ZTF18acnncve,SN Ib,0.0445,changepoint_1,,ztfr,,,,,,16.3331328519865,,,,,,15.637274152213019,,2.6871931837353547,,26.76781563994965,False,True,26.76781563994965,True,,-17.900159232253877,,r,-17.900159232253877,,,,
ZTF18acsjrbc,SN Ic,0.03693,changepoint_1,,ztfr,,20.987505752710696,,8.902359454389867,,12.08514629832083,,20.240041037206655,,8.5853041713422,,11.654736865864455,,-0.23861443876042365,,20.240041037206655,False,False,20.240041037206655,False,,-17.50271848345563,,r,-17.50271848345563,20.240041037206655,,,
ZTF18acyxnyw,SLSN-I,0.108,gibbs,ztfg,ztfr,44.31382161820249,55.39709304069548,28.995888509058688,29.052658372128814,15.317933109143802,26.34443466856667,39.99442384314304,49.997376390519385,26.169574466659462,26.22081080517041,13.824849376483574,23.77656558534898,-0.7572744265928861,-0.2826429173836402,39.99442384314304,49.997376390519385,False,False,39.99442384314304,False,-20.225916335714885,-20.19936142516347,-0.4746315092092459,g,-20.225916335714885,39.99442384314304,-0.02655491055141468,-0.025620410489388235,-0.0272036895611798
ZTF18aczqzrj,SN Ic,0.0429,changepoint_1,ztfg,ztfr,18.104577022111705,27.88284664036617,6.730802999525956,9.618803564039634,11.37377402258575,18.264043076326537,17.359839890796536,26.735877495796505,6.453929427103228,9.22313123409688,10.905910463693306,17.512746261699625,-3.072961405739136,-0.1239785186328124,17.359839890796536,26.735877495796505,False,False,26.735877495796505,False,-18.357869953184625,-18.572087861981924,-2.9489828871063235,r,-18.572087861981924,26.735877495796505,0.2142179087972984,0.312281098848743,0.15689163085679425
ZTF18adasisj,SN Ic,0.034,matern32,ztfg,ztfr,54.916833322540676,,17.14159546242329,43.86093202279312,37.775237860117386,,53.1110573718962,,16.577945321492543,42.41869634699528,36.53311205040366,,-0.9532170899132488,24.78396931411619,53.1110573718962,48.34222747480863,False,True,48.34222747480863,True,-17.641450981750037,-18.092427643006683,-25.73718640402944,r,-18.092427643006683,,0.4509766612566466,0.7656930172587941,0.42187249587543363
ZTF19aadnhdo,SN Ic,0.02981,matern32,ztfg,ztfr,21.15036235753235,28.373981668342203,9.107170074355503,10.062537025750089,12.04319228317685,18.311444642592114,20.538120971375644,27.552637543180012,8.843544026913222,9.771255887736661,11.694576944462426,17.78138165544335,2.6174628461460454,3.9879349719972,20.538120971375644,27.552637543180012,False,False,27.552637543180012,False,-16.80450287160808,-17.227231701274246,-1.3704721258511547,r,-17.227231701274246,27.552637543180012,0.4227288296661662,0.4440385453036413,0.4114308677205152
ZTF19aafmyow,SN Ic,0.0265,gibbs,ztfg,ztfr,31.258635758579526,43.55006765542966,12.712903197794656,15.442352331432847,18.54573256078487,28.107715323996814,30.451666593842695,42.42578436963435,12.384708424544234,15.043694429062686,18.066958169298463,27.382089940571667,-9.817665284704521,-5.3186281793925545,30.451666593842695,42.42578436963435,False,False,42.42578436963435,False,-18.125138103671492,-18.323412244253515,-4.499037105311967,r,-18.323412244253515,42.42578436963435,0.19827414058202208,0.2569138509951756,0.154565133988239
ZTF19aailcgs,SN Ic,0.02031,matern32,ztfg,,,,,,14.439585349434463,,,,,,14.152155079764446,,-9.209044554025278,,20.644185684069598,,True,False,20.644185684069598,True,-15.952969431572093,,,g,-15.952969431572093,,,,
ZTF19aailsge,SN Ib,0.036,matern32,ztfg,ztfr,25.82710819475389,30.585475950444827,13.91760874665631,16.143845069364104,11.909499448097582,14.441630881080723,24.929641114627305,29.522660183827053,13.43398527669528,15.582862036065737,11.495655837932029,13.939798147761316,-3.6651512965552513,-0.8222361804902292,24.929641114627305,29.522660183827053,False,False,29.522660183827053,False,-16.87486375996078,-17.462754832965757,-2.842915116065022,r,-17.462754832965757,29.522660183827053,0.5878910730049789,0.621635065166938,0.5481430400272131
ZTF19aakpcuw,SN Ic,0.0306,gibbs,ztfg,ztfr,,34.510281378286464,,12.730757931022307,15.620439091407043,21.779523447264154,,33.485621364531795,,12.352763371843885,15.156645732007611,21.132857992687907,-4.9149651997722685,0.6025281967173584,15.156645732007611,33.485621364531795,True,False,33.485621364531795,False,-17.30758256164377,-17.620798103601334,-5.517493396489627,r,-17.620798103601334,33.485621364531795,0.3132155419575646,0.4310985675999923,0.1997799055802858
ZTF19aalouag,SN Ib,0.0549,changepoint_1,ztfg,ztfr,101.1996490008325,102.603372217755,35.23700648393961,35.38144643080402,65.96264251689288,67.22192578695098,95.9329310843042,97.26360054768699,33.40317232338573,33.54009520409899,62.52975876091846,63.723505343587995,-1.3949178302280387,-0.161121085931633,95.9329310843042,97.26360054768699,False,False,97.26360054768699,False,-18.440185414188253,-18.667027508824344,-1.2337967442964057,r,-18.667027508824344,97.26360054768699,0.2268420946360905,0.23055300472359974,0.22338312431020668
ZTF19aamgghn,SN Ib,0.02968,changepoint_1,ztfg,ztfr,20.4251199749375,28.960442439658074,7.939710431304828,10.766485960951654,12.48540954363267,18.19395647870642,19.836376325593875,28.125672480438656,7.710852334030795,10.45614750306081,12.125523991563078,17.669524977377847,-8.111826394248801,-4.20053139254763,19.836376325593875,28.125672480438656,False,False,28.125672480438656,False,-17.249381436754884,-17.649155797986797,-3.9112950017011716,r,-17.649155797986797,28.125672480438656,0.3997743612319127,0.5264436733731053,0.3252414492095852
ZTF19aamsetj,SN Ic,0.02751,changepoint,ztfg,ztfr,18.20305955297829,21.7155740995301,6.536638893814209,7.445043118037368,11.66642065916408,14.270530981492731,17.715700628683216,21.13417300029207,6.361630440398837,7.245713538590738,11.354070188284378,13.888459461701329,-0.5255649603573431,-0.6371865469842106,17.715700628683216,21.13417300029207,False,False,21.13417300029207,False,-17.728002988323848,-18.03842749840458,0.1116215866268675,r,-18.03842749840458,21.13417300029207,0.3104245100807326,0.31055400639521835,0.31030699169974696
ZTF19aanesgt,SLSN-I,0.153,gibbs,ztfg,ztfr,,,,16.03647869449875,14.815622005672655,,,,,13.90848108803014,12.849628799369171,,-2.676477711176087,-1.5673666866900362,27.84453269265449,31.758087234466267,True,True,31.758087234466267,True,-20.62041912890628,-20.978536630188383,-1.109111024486051,r,-20.978536630188383,,0.35811750128210207,0.36354637405863954,0.3519717634750279
ZTF19aanfukh,SN Ic,0.02765,gibbs,ztfg,ztfr,27.11961772174741,35.76020264331059,11.375731214949495,14.178699110333218,15.743886506797917,21.581503532977376,26.38993599158022,34.79803692240606,11.069655247359991,13.797206354627761,15.320280744220229,21.000830567778305,-3.424030214179126,1.3317425553115854,26.38993599158022,34.79803692240606,False,False,34.79803692240606,False,-16.756638644439555,-17.248636615068317,-4.7557727694907115,r,-17.248636615068317,34.79803692240606,0.4919979706287627,0.570748089716723,0.4324459716873257
ZTF19aanijpu,SN Ic,0.041,changepoint,ztfg,ztfr,66.19260637620627,76.90471865227433,30.164555764636496,42.00797021463537,36.02805061156978,34.896748437638955,63.58559690317606,73.87581042485526,28.976518505894813,40.35347763173427,34.60907839728125,33.522332793120995,-11.324368140548934,6.9151827395483565,63.58559690317606,73.87581042485526,False,False,73.87581042485526,False,-18.22117442055995,-18.780430729587568,-18.23955088009729,r,-18.780430729587568,73.87581042485526,0.5592563090276172,0.6588303004410392,0.4606036246193064
ZTF19aaoxvfe,SN Ib,0.0364,gibbs,ztfg,ztfr,,,,,11.837224676544999,,,,,,11.421482706044962,,-2.8896931596871394,-1.5972091530534946,22.216836372735855,30.86455123520962,True,True,30.86455123520962,True,-16.612640576433733,-17.187310052250147,-1.2924840066336447,r,-17.187310052250147,,0.5746694758164139,0.5857821414018751,0.5636599638423512
ZTF19aarfyvc,SN Ic,0.09,changepoint_1,ztfg,ztfr,33.620737016025814,43.54710869296376,18.036055308577186,19.335656894287425,15.584681707448631,24.21145179867634,30.844712858739275,39.95147586510436,16.54683973263962,17.739134765401307,14.29787312609966,22.212341099703064,-3.337651621227277,-4.1622771064547806,30.844712858739275,39.95147586510436,False,False,39.95147586510436,False,-19.160271280664816,-19.400855775948408,0.8246254852275037,r,-19.400855775948408,39.95147586510436,0.24058449528359205,0.24225345464952852,0.23954076112628897
ZTF19aarphwc,SLSN-I,0.3057,gibbs,ztfg,ztfr,67.19569056424913,69.95175180737832,33.625811005824474,33.77372421067392,33.56987955842467,36.178027596704396,51.46334576414883,53.574137862739,25.753091066726256,25.866373754058294,25.71025469742258,27.707764108680703,5.241199330838597,6.4924281225611935,51.46334576414883,53.574137862739,False,False,51.46334576414883,False,-22.365293229020104,-22.347128476797344,-1.2512287917225962,g,-22.365293229020104,51.46334576414883,-0.01816475222275926,-0.017070255019365987,-0.019212019915833878
ZTF19aatheus,SN Ic,0.01836,changepoint_1,ztfg,ztfr,,,,,11.886161924747332,14.167351397936342,,,,,11.671866456604082,13.911928392647338,-11.831284700427204,-1.0661018182385646,11.671866456604082,24.567186731485553,True,True,24.567186731485553,True,-17.66830113449402,-18.149074109405845,-10.76518288218864,r,-18.149074109405845,,0.4807729749118259,1.2009091303248134,0.034160368357383675
ZTF19aavitlq,SN Ic,0.03146,changepoint,ztfg,ztfr,,35.313651084782485,,11.804908956278657,9.493580452536971,23.508742128503826,,34.23656863550936,,11.444853854030846,9.204021922844289,22.79171478147851,-6.4846773850396175,0.15178927824995014,11.674561173047294,34.23656863550936,True,False,34.23656863550936,False,-16.671686688630455,-17.13911595937252,-6.636466663289568,r,-17.13911595937252,34.23656863550936,0.4674292707420662,0.9015011191372153,0.3383019772526161
ZTF19aavoweu,SN Ic,0.0359,changepoint,ztfg,ztfr,,25.420950451849944,,10.088438204668721,10.044445906995637,15.332512247181223,,24.53996568380147,,9.73881475496546,9.696347047973392,14.801150928836009,-2.089824828147803,0.2526196523771258,21.082996118286662,24.53996568380147,True,False,24.53996568380147,False,-16.754858777734714,-17.635059855202435,-2.3424444805249287,r,-17.635059855202435,24.53996568380147,0.8802010774677207,0.9177753643526572,0.8453402220347392
ZTF19aawfbtg,SLSN-I,0.0866,changepoint,ztfg,ztfr,62.91584858978858,90.46272711635683,38.0144931434755,40.42711817172612,24.901355446313083,50.03560894463072,57.90157241835872,83.25301593627537,34.9848087092541,37.20515200784661,22.91676370910462,46.04786392842878,0.6839167457893893,3.929953403002436,57.90157241835872,83.25301593627537,False,False,57.90157241835872,False,-19.74495118343354,-19.73880192158185,-3.246036657213047,g,-19.74495118343354,57.90157241835872,-0.006149261851689403,0.00406186071062109,-0.012296683450720991
ZTF19aawhzsh,SN Ic-BL,0.02514,gibbs,ztfg,ztfr,27.529652682252927,30.788443345439326,11.123873348509523,15.089187206714954,16.405779333743403,15.699256138724374,26.854529803005374,30.033403579451907,10.851077266041246,14.719147830262164,16.003452536964126,15.314255749189744,-10.83903692804141,-3.998383012614223,26.854529803005374,30.033403579451907,False,False,30.033403579451907,False,-17.978789654232713,-18.64553057233882,-6.840653915427186,r,-18.64553057233882,30.033403579451907,0.6667409181061075,0.7956799272511503,0.2388493594812715
ZTF19aawqcgy,SN Ic-BL,0.02065,gibbs,,,,,,,,,,,,,,,,,,,False,False,,False,,,,,,,,,
ZTF19aawsday,SN Ic,0.02915,gibbs,ztfg,ztfr,,,,,18.96929046041667,17.031282019532554,,,,,18.431997726683836,16.548882106138613,-8.990763900335878,-3.476760668761603,18.431997726683836,26.78762051282043,True,True,26.78762051282043,True,-16.637921306120862,-17.153482144428434,-5.514003231574275,r,-17.153482144428434,,0.5155608383075716,0.58910010314424,0.44311607891336635
ZTF19aaxfcpq,SN Ic-BL,0.038,gibbs,ztfg,ztfr,16.667643441540257,23.085470923551668,7.255173093062126,7.96586677794288,9.412470348478129,15.119604145608788,16.057459962948222,22.24033807663937,6.989569453817077,7.674245450812023,9.067890509131145,14.566092625827348,-1.9369974186156522,-1.2237591642861716,16.057459962948222,22.24033807663937,False,False,22.24033807663937,False,-18.117645306087756,-18.37735480358302,-0.7132382543294806,r,-18.37735480358302,22.24033807663937,0.2597094974952654,0.2652535619068388,0.2557822083626071
ZTF19aaxzdtw,SN Ic,0.032,matern32,ztfg,ztfr,25.685657138749328,32.72858131579912,13.52177793885819,13.848791196142443,12.16387919989114,18.879790119656672,24.889202653826867,31.713741585076665,13.102498002769563,13.419371314091514,11.786704651057306,18.294370270985148,0.4387237436327158,2.4589642203673776,24.889202653826867,31.713741585076665,False,False,31.713741585076665,False,-16.295577992695513,-16.81939543020549,-2.020240476734662,r,-16.81939543020549,31.713741585076665,0.523817437509976,0.5577618950463048,0.506775227210376
ZTF19abafmwj,SN Ib,0.034,gibbs,,,,,,,,,,,,,,,,,,,False,False,,False,,,,,,,,,
ZTF19abauylg,SN Ic,0.032,gibbs,ztfg,ztfr,18.25240463407582,,7.207475725801599,,11.04492890827422,16.74992941450091,17.686438598910676,,6.983988106396898,,10.70245049251378,16.23055175823732,-2.6557443365464,-1.3572816556464486,17.686438598910676,23.546901510564464,False,True,23.546901510564464,True,-18.94182765276923,-19.012762440060925,-1.2984626808999513,r,-19.012762440060925,,0.07093478729169433,0.08558827962537663,0.0603122048127851
ZTF19abcegvm,SN Ib,0.073,changepoint_1,ztfg,ztfr,86.19845625259154,98.15885813041066,18.495550156192508,44.82444202218145,67.70290609639903,53.33441610822922,80.33406920092409,91.48076247009382,17.23723220521203,41.77487606913463,63.09683699571205,49.7058864009592,-38.341887442649934,-7.624247830609221,80.33406920092409,91.48076247009382,False,False,91.48076247009382,False,-19.098888928407163,-19.40336215806684,-30.717639612040713,r,-19.40336215806684,91.48076247009382,0.3044732296596777,0.5238544907838403,0.21974548555122553
ZTF19abdoior,SN Ic,0.047,gibbs,ztfg,ztfr,18.072720324202827,23.538301539438812,7.510308449620236,9.10265878239651,10.56241187458259,14.435642757042304,17.261432974405757,22.481663361450636,7.173169483877972,8.69403895166811,10.088263490527785,13.787624409782527,-3.3382326130593896,-0.42881701268295913,17.261432974405757,22.481663361450636,False,False,22.481663361450636,False,-17.645347855039454,-18.075997258637134,-2.9094156003764304,r,-18.075997258637134,22.481663361450636,0.43064940359768045,0.5065803371682058,0.37491411306704947
ZTF19abfiqjg,SN Ic,0.0888,changepoint,ztfg,ztfr,24.76818755636834,,10.489373992396466,,14.278813563971871,,22.7481516865984,,9.6338850040379,,13.1142666825605,,-3.548627442573377,1.74539827363912,22.7481516865984,30.227680198323394,False,True,30.227680198323394,True,-18.973907230990356,-19.14149296970532,-5.294025716212497,r,-19.14149296970532,,0.16758573871496552,0.4003979723426312,0.007090917071614911
ZTF19abfsxpw,SN Ic-BL,0.029,gibbs,ztfg,ztfr,18.735714370234447,26.775192527189652,8.139924687647094,9.647240287769634,10.595789682587352,17.12795223942002,18.207691321899368,26.020595264518615,7.910519618704659,9.375354992973406,10.297171703194707,16.64524027154521,-9.111315104887476,-7.006735217137649,18.207691321899368,26.020595264518615,False,False,26.020595264518615,False,-17.544872072963095,-17.93122301605405,-2.1045798877498267,r,-17.93122301605405,26.020595264518615,0.38635094309095663,0.42390058400064845,0.36021387253074266
ZTF19abfvnns,SLSN-I,0.1295,changepoint,ztfg,ztfr,43.92054670557489,63.791194687880505,19.941220621288632,19.545474327975842,23.979326084286264,44.24572035990466,38.884946175807784,56.47737466833157,17.654909801937702,17.30453681095692,21.23003637387009,39.172837857374645,-1.400303789595931,-0.8575318661351119,38.884946175807784,56.47737466833157,False,False,38.884946175807784,False,-20.795303371211016,-20.668498641315242,-0.542771923460819,g,-20.795303371211016,38.884946175807784,-0.12680472989577396,-0.12562461626972876,-0.1279671893401222
ZTF19ablesob,SN Ic-BL,0.0558,matern32,ztfg,ztfr,21.2726792610488,30.6627005864353,7.050983991052506,14.603204460493195,14.221695269996294,16.059496125942104,20.14839861815571,29.042148689557962,6.678333009142362,13.831411688286792,13.470065609013348,15.210737001271172,-11.39703303042941,-2.2040728256511706,20.14839861815571,29.042148689557962,False,False,29.042148689557962,False,-18.620280105962937,-18.93600825511449,-9.19296020477824,r,-18.93600825511449,29.042148689557962,0.31572814915155334,0.5868615997829103,0.16195783627604143
ZTF19abnacvf,SLSN-I,0.19,matern32,ztfg,ztfr,44.80761176304651,52.7911293285183,22.089952333866734,23.505512722098267,22.717659429179772,29.285616606420035,37.653455263064295,44.36229355337672,18.56298515450986,19.75253169924224,19.09047010855443,24.609761854134483,-0.25848203416229154,1.187089447295115,37.653455263064295,44.36229355337672,False,False,37.653455263064295,False,-21.340888521705534,-21.33232879974001,-1.4455714814574065,g,-21.340888521705534,37.653455263064295,-0.008559721965522016,-0.0050647735215960665,-0.011498652126132214
ZTF19abpbopt,SLSN-I,0.106,gibbs,ztfg,ztfr,32.84618382028076,48.2207695505933,14.44791059777377,17.299449280407288,18.398273222506987,30.92132027018602,29.698177052695076,43.59924914158526,13.063210305401238,15.641455045576208,16.634966747293838,27.957794096009057,-0.9625634409398032,2.4601411123269905,29.698177052695076,43.59924914158526,False,False,29.698177052695076,False,-21.39198102238662,-21.18803383078106,-3.4227045532667937,g,-21.39198102238662,29.698177052695076,-0.20394719160556107,-0.18502939075768055,-0.21714922826044258
ZTF19abqmsbk,SN Ic,0.02723,changepoint,ztfg,,26.053992096878567,,9.265017067076359,,16.78897502980221,,25.363348127370273,,9.019418306587967,,16.343929820782307,,-6.575058521561964,,25.363348127370273,,False,False,25.363348127370273,False,-16.96212085169177,,,g,-16.96212085169177,25.363348127370273,,,
ZTF19abqqrgy,SN Ib,0.0296,changepoint_1,ztfg,ztfr,,31.98919704184283,,7.876748613726363,,24.112448428116465,,31.06953869642854,,7.650299741381471,,23.41923895504707,-1.6171920527913706,-0.8944489172505588,19.323128010902522,31.06953869642854,True,False,31.06953869642854,False,-17.141463304029532,-17.454366865273855,-0.7227431355408118,r,-17.454366865273855,31.06953869642854,0.3129035612443225,0.3164931365313848,0.30924467220146923
ZTF19abqshry,SN Ic-BL,0.03082,changepoint_1,ztfg,ztfr,28.574580906545123,,6.391918236536874,,22.18266267000825,14.168196889597237,27.720243016768322,,6.200809294092929,,21.51943372267539,13.744588666883875,-13.578126178182881,0.26453933629322535,27.720243016768322,30.34912392648928,False,True,30.34912392648928,True,-16.73497211273538,-17.15189505651152,-13.842665514476106,r,-17.15189505651152,,0.4169229437761395,0.6776401797244915,0.05934619417865861
ZTF19abqwtfu,SN Ic-BL,0.01435,changepoint,ztfg,ztfr,23.867887477608654,35.13558945314183,10.776936380577647,10.881318425989617,13.090951097031008,24.254271027152214,23.530228695823585,34.63852659648231,10.624475162002904,10.727380515590887,12.905753533820679,23.91114608089142,-0.6062880655930094,0.5282580576213327,23.530228695823585,34.63852659648231,False,False,34.63852659648231,False,-17.419860664117614,-17.683521196146142,-1.1345461232143421,r,-17.683521196146142,34.63852659648231,0.2636605320285277,0.2829816055246681,0.24481095111678286
ZTF19abqxibq,SN Ib,0.082,changepoint,ztfg,ztfr,,58.039802472672136,,20.373459226833404,28.824942183486844,37.66634324583873,,53.641222248310655,,18.829444756777637,26.640427156642183,34.81177749153302,-8.550229841695327,0.05377054105621326,40.81317120315225,53.641222248310655,True,False,53.641222248310655,False,-19.38928246364848,-19.77923029228021,-8.60400038275154,r,-19.77923029228021,53.641222248310655,0.3899478286317297,0.48920946158321144,0.13790382712934246
ZTF19abupned,SN Ic-BL,0.05,gibbs,ztfg,ztfr,15.728707245202015,25.9323317271161,7.054156585718248,9.547628236648848,8.674550659483767,16.384703490467253,14.97972118590668,24.69745878772962,6.718244367350712,9.092979272998901,8.261476818555968,15.604479514730716,-3.0847052460876547,0.18238350438530482,14.97972118590668,24.69745878772962,False,False,24.69745878772962,False,-18.675795766980954,-18.89952651453075,-3.2670887504729595,r,-18.89952651453075,24.69745878772962,0.22373074754979427,0.3525831192407125,0.16348105778595468
ZTF19abvdgqo,SN Ib,0.03683,changepoint,ztfg,ztfr,20.732625091541884,,7.874303772963147,,12.858321318578739,17.064066289324934,19.996166287184867,,7.594594844828128,,12.40157144235674,16.457921056802885,-1.7919622271185673,0.5291451156875953,19.996166287184867,23.86761620033091,False,True,23.86761620033091,True,-17.86000845129291,-18.140347890044346,-2.3211073428061626,r,-18.140347890044346,,0.28033943875143663,0.33632728428397485,0.23724811957966097
ZTF19abztknu,SN Ib,0.0535,gibbs,ztfg,ztfr,31.92857643900361,51.48806926825139,12.875630540231235,16.941198123148844,19.052945898772375,34.54687114510254,30.307144223069393,48.87334529497046,12.221766056223288,16.080871498005546,18.085378166846105,32.79247379696491,-18.48268335851062,-11.568184300471732,30.307144223069393,48.87334529497046,False,False,48.87334529497046,False,-18.2366658152733,-18.603751309415316,-6.9144990580388885,r,-18.603751309415316,48.87334529497046,0.36708549414201386,0.5012148933146747,0.26645197056735626
ZTF19abzwaen,SN Ic-BL,0.0285,gibbs,ztfg,,,,,,6.971287404568921,,,,,,6.778111234388839,,-0.6057588950928947,,12.872549741863494,,True,False,12.872549741863494,True,-17.498670563083685,,,g,-17.498670563083685,,,,
ZTF19acbmojx,SN Ib,0.027,changepoint_1,ztfg,ztfr,,,,,,,,,,,,,-7.488432460041505,-5.04314689741229,21.47796533606446,36.04920613402619,True,True,36.04920613402619,True,-16.013832633974317,-16.527051146003817,-2.4452855626292145,r,-16.527051146003817,,0.5132185120294999,0.5489627954007759,0.4808503110625715
ZTF19acbonaa,SLSN-I,0.1178,gibbs,ztfg,ztfr,54.24195903068164,72.37576699506056,27.03416004065456,40.42981754052215,27.207798990027083,31.945949454538408,48.525638782144966,64.74840489806815,24.185149436978495,36.16909781760794,24.340489345166475,28.5793070804602,-11.811193002888249,2.0371735412781007,48.525638782144966,64.74840489806815,False,False,64.74840489806815,False,-19.62060682156295,-19.992725715960393,-13.84836654416635,r,-19.992725715960393,64.74840489806815,0.37211889439744184,0.43383391516344716,0.3059917163798822
ZTF19acdabep,SN Ib,0.0305,gibbs,ztfg,ztfr,,30.547264079094376,,13.04452167269046,13.166038364667664,17.502742406403918,,29.64314806316776,,12.658439274808792,12.776359402879828,16.98470878835897,-3.3235003946299173,-0.4106939669443186,19.303638204940878,29.64314806316776,True,False,29.64314806316776,False,-15.862073656320721,-16.625493231400988,-2.9128064276855987,r,-16.625493231400988,29.64314806316776,0.7634195750802668,0.80834253560311,0.7284738825197934
ZTF19aceqvhl,SN Ic,0.028,gibbs,,ztfr,,,,,,,,,,,,,,2.436896625533124,,20.480706809436644,False,True,20.480706809436644,True,,-16.622283834663584,,r,-16.622283834663584,,,,
ZTF19acfwynw,SLSN-I,0.212,gibbs,ztfg,ztfr,,,36.14396134518242,39.58674374038207,,,,,29.821750284803976,32.66232981879709,,,-10.50588392726879,-9.633634053792626,65.09515121496939,67.19893019315721,True,True,65.09515121496939,True,-21.537138239659843,-21.362323079903188,-0.8722498734761643,g,-21.537138239659843,,-0.17481515975665474,-0.1726268314798176,-0.178355581345361
ZTF19acgjosf,SN Ib,0.07049,changepoint_1,ztfg,ztfr,,,,,42.29090846836405,57.11197998220892,,,,,39.50612193328668,53.3512503453642,1.817959966073479,1.9746900997625438,50.52653535721276,76.64953552306815,True,True,76.64953552306815,True,-18.80724194358983,-18.853988557155475,-0.15673013368906474,r,-18.853988557155475,,0.046746613565645134,0.04677236972086263,0.04672395187826339
ZTF19acgjpgh,SLSN-I,0.0635,changepoint_1,ztfg,ztfr,66.98247592127491,69.13314790811236,50.86586608145469,51.346211996756104,16.116609839820224,17.78693591135626,62.98305211215319,65.00531067993641,47.82874102628556,48.280406202873635,15.154311085867631,16.724904477062775,-5.713752941767261,-3.9333160523469104,62.98305211215319,65.00531067993641,False,False,65.00531067993641,False,-19.875806792505923,-19.994242893569545,-1.7804368894203506,r,-19.994242893569545,65.00531067993641,0.11843610106362235,0.126919428965806,0.10991281012100274
ZTF19ackjjwf,SN Ib,0.01619,gibbs,ztfg,ztfr,18.887259781759845,19.938330303757756,10.148936974424663,10.432844233129197,8.738322807335184,9.505486070628558,18.5863468266366,19.620671630066973,9.987243502125256,10.266627533364034,8.599103324511345,9.354044096702939,-2.699972824608416,-1.4782746323634086,18.5863468266366,19.620671630066973,False,False,19.620671630066973,False,-16.530389808204202,-16.808367379807027,-1.2216981922450074,r,-16.808367379807027,19.620671630066973,0.27797757160282544,0.2917083705224002,0.26553509017419685
ZTF19ackjrru,SLSN-I,0.2008,matern32,ztfg,ztfr,47.96459454749963,80.48691335233502,23.84266827601037,28.529175990976423,24.12192627148926,51.957737361358596,39.94386621210828,67.02774263185795,19.85565312792336,23.758474342918404,20.088213084184925,43.269268288939536,-8.18294482752951,-2.6920487587712216,39.94386621210828,67.02774263185795,False,False,39.94386621210828,False,-21.24253498224586,-21.14343748525439,-5.490896068758289,g,-21.24253498224586,39.94386621210828,-0.09909749699147241,-0.06395730104290465,-0.11453756023665207
ZTF19acllsbq,SN Ic,0.0778,matern32,,ztfr,,,,,,,,,,,,,,12.821722452054956,,69.47189228025766,False,True,69.47189228025766,True,,-19.014066101300166,,r,-19.014066101300166,,,,
ZTF19acmelor,SN Ib,0.02661,matern32,ztfg,ztfr,25.42255499717973,,10.975868145318115,,14.446686851861617,24.044322357750254,24.763595715198303,,10.691370769151007,,14.072224946047298,23.42108722664912,-1.17134365132274,0.7688785251898569,24.763595715198303,34.96670671711652,False,True,34.96670671711652,True,-16.86714898833793,-17.320840620997835,-1.9402221765125969,r,-17.320840620997835,,0.4536916326599041,0.478177069047117,0.43570572284550124
ZTF19acxmpnz,SN Ib/c,0.0265,changepoint_1,,,,,,,,,,,,,,,,,,,False,False,,False,,,,,,,,,
ZTF19acyogrm,SN Ic,0.02,gibbs,ztfg,ztfr,19.246934263418776,24.00516107064442,8.336723905572086,9.815010721878613,10.91021035784669,14.190150348765808,18.869543395508604,23.534471637886686,8.173258730953025,9.622559531253541,10.696284664555579,13.911912106633146,-6.778311406370783,-3.761542727490834,18.869543395508604,23.534471637886686,False,False,23.534471637886686,False,-15.84967338885064,-16.9674862763031,-3.0167686788799486,r,-16.9674862763031,23.534471637886686,1.1178128874524589,1.1847737714570634,1.0633320098000496
ZTF19adaivcf,SLSN-I,0.3785,gibbs,ztfg,ztfr,,,,,43.7332656733493,52.23688188216154,,,,,31.725256201196444,37.89400209079546,-14.93693277089206,-9.902646439818533,48.2737389933321,65.35283876850306,True,True,65.35283876850306,True,-22.32672646651085,-22.35133680704971,-5.0342863310735275,r,-22.35133680704971,,0.024610340538860243,0.03589678101052485,0.01421301308419487
ZTF19adcfsad,SN Ib,0.0255,gibbs,ztfg,ztfr,,,,,14.95046360886665,15.254795556655276,,,,,14.578706590801218,14.87547104500758,-4.656993404309871,-2.3600812041892087,22.650940618666613,25.16717586767687,True,True,25.16717586767687,True,-16.572526474387697,-17.090749763444585,-2.296912200120662,r,-17.090749763444585,,0.5182232890568876,0.5370831276229069,0.49714518373773586
ZTF20aadzbcf,SLSN-I,0.2428,matern32,ztfg,ztfr,147.58284674699112,,104.24190010300218,108.66240088952232,43.340946643988936,,118.75027900465975,,83.87664958400562,87.43353788986347,34.87362942065412,,1.8383517496501156,1.8795409619273755,118.75027900465975,126.89238254558515,False,True,126.89238254558515,True,-21.446129707364165,-21.534470090528806,-0.04118921227725991,r,-21.534470090528806,,0.08834038316464188,0.08834297270512081,0.0883427798603158
ZTF20aaekkuv,SN Ic,0.02,matern32,ztfg,ztfr,,30.537378141697086,,14.402720586462909,,16.134657555234178,,29.938606021271653,,14.120314300453831,,15.81829172081782,0.9273606542681438,5.0192706228689055,22.467581176326846,29.938606021271653,True,False,29.938606021271653,False,-15.712065254587042,-16.352702177291913,-4.091909968600762,r,-16.352702177291913,29.938606021271653,0.6406369227048714,0.7072512033713991,0.5770138537811853
ZTF20aaelulu,SN Ic,0.0052,matern32,ztfg,ztfr,10.506025669120568,14.642699793364123,4.235621218195013,6.01541703245837,6.270404450925554,8.627282760905754,10.45167694898584,14.566951644811104,4.213709926576813,5.984298679325875,6.237967022409026,8.582652965485229,-2.5245197576048106,-0.4359682289512641,10.45167694898584,14.566951644811104,False,False,14.566951644811104,False,-17.684255959657467,-17.922276412968344,-2.0885515286535465,r,-17.922276412968344,14.566951644811104,0.2380204533108774,0.3405368274042573,0.17078223134477
ZTF20aaertpj,SN Ib,0.02875,matern32,ztfg,,22.772347910117368,,9.677182616082431,,13.095165294034938,,22.135939645314572,,9.406738873470164,,12.729200771844411,,-5.4186758433217985,,22.135939645314572,,False,False,22.135939645314572,False,-16.595515292231095,,,g,-16.595515292231095,22.135939645314572,,,
ZTF20aafmdzj,SN Ic-BL,0.0557,gibbs,ztfg,ztfr,,,,,19.03025671306863,18.99339056511092,,,,,18.026197511668684,17.99127646595711,-12.070543999783695,0.029807627623645416,18.026197511668684,29.39250553426453,True,True,29.39250553426453,True,-19.029420178253044,-19.087365052112034,-12.10035162740734,r,-19.087365052112034,,0.05794487385898961,0.3441420343047241,
ZTF20aagewqr,SN Ic,0.017,matern32,,ztfr,,,,,,,,,,,,,,1.399451971421433,,16.691840511097435,False,True,16.691840511097435,True,,-15.792215868677907,,r,-15.792215868677907,,,,
ZTF20aahbfmf,SLSN-I,0.2485,gibbs,ztfg,ztfr,,51.59833554211161,16.95373598534637,16.681008901206567,,34.917326640905046,,41.3282623485075,13.579283928991886,13.360840129120199,,27.967422219387302,1.2524188230134712,1.6583002545432386,28.7532489084192,41.3282623485075,True,False,28.7532489084192,True,-22.06262899735058,-21.932839636449845,-0.4058814315297674,g,-22.06262899735058,,-0.1297893609007339,-0.1295018079380732,-0.13007135801875336
ZTF20aaiftgi,SN Ic,0.0337,changepoint_1,ztfg,,,,,,,,,,,,,,-2.700701024186001,,21.278560607565883,,True,False,21.278560607565883,True,-17.605740210101487,,,g,-17.605740210101487,,,,
ZTF20aaifybu,SLSN-I,0.28,gibbs,ztfg,ztfr,50.712021000056865,,29.91939794509316,,20.792623054963705,25.046224246397365,39.61876640629443,,23.37452964460403,,16.244236761690395,19.56736269249794,-6.124216794609431,-5.570507918790192,39.61876640629443,28.507621584008536,False,True,39.61876640629443,False,-22.0564246060426,-21.98562181891249,-0.5537088758192397,g,-22.0564246060426,39.61876640629443,-0.07080278713010912,-0.07029442355683102,-0.07121567455595113
ZTF20aaiqiti,SN Ic-BL,0.025,matern32,ztfg,ztfr,20.950675375991807,25.642621747728008,5.807752325364542,10.587678020091365,15.142923050627264,15.05494372763664,20.439683293650546,25.017191949002935,5.666099829623944,10.329441970820845,14.7735834640266,14.68774997818209,-5.557444461402141,1.4083348006709357,20.439683293650546,25.017191949002935,False,False,25.017191949002935,False,-15.74488192539534,-16.72143051368514,-6.9657792620730765,r,-16.72143051368514,25.017191949002935,0.9765485882897984,1.0186815441746546,0.6840319339493561
ZTF20aajcdad,SN Ib,0.01861,changepoint,ztfg,ztfr,16.077123350567366,21.388650683215324,7.175088398199595,8.071188309371653,8.90203495236777,13.31746237384367,15.783394381134453,20.997880133923015,7.043999566271286,7.923727736200953,8.739394814863168,13.074152397722061,-0.8996739667968878,0.24410083805238436,15.783394381134453,20.997880133923015,False,False,20.997880133923015,False,-17.375437381183957,-17.448942281722896,-1.1437748048492722,r,-17.448942281722896,20.997880133923015,0.07350490053893921,0.0916251158503627,0.05962293571125343
ZTF20aakodyh,SN Ib,0.04787,matern32,,ztfr,,20.490377125164404,,10.637979496558733,,9.85239762860567,,19.55431220014353,,10.152003107788879,,9.402309092354653,,2.542763121906674,,19.55431220014353,False,False,19.55431220014353,False,,-18.14798063594688,,r,-18.14798063594688,19.55431220014353,,,
ZTF20aalcyih,SN Ib,0.0175,gibbs,ztfg,ztfr,21.861534887834747,33.628986717940656,10.706911310724601,12.987510088279052,11.154623577110145,20.641476629661604,21.485537973301962,33.05060119699327,10.522762958943096,12.76413767889833,10.962775014358865,20.28646351809494,-2.6510361384071004,-0.6424629115483249,21.485537973301962,33.05060119699327,False,False,33.05060119699327,False,-16.210214952442353,-16.492688191291055,-2.0085732268587755,r,-16.492688191291055,33.05060119699327,0.2824732388487021,0.30793902058696077,0.26757572581993117
ZTF20aalxlis,SN Ic-BL,0.02523,changepoint,ztfg,ztfr,19.856926119364044,26.948991075294472,7.532464399548939,13.040612835025286,12.324461719815105,13.908378240269185,19.36826479849794,26.285800332895516,7.347097138738564,12.719694931893608,12.021167659759374,13.566105401001906,-7.15489860667566,-0.06315833589870223,19.36826479849794,26.285800332895516,False,False,26.285800332895516,False,-18.45377849806538,-18.852909250886768,-7.091740270776958,r,-18.852909250886768,26.285800332895516,0.39913075282138877,0.6924956760499654,0.30494527022591456
ZTF20aamdyln,SN Ic,0.04,gibbs,,ztfr,,30.89465658980053,,13.598655416773969,,17.29600117302656,,29.706400567115892,,13.075630208436507,,16.630770358679385,,-3.09377906676065,,29.706400567115892,False,False,29.706400567115892,False,,-17.439050067378503,,r,-17.439050067378503,29.706400567115892,,,
ZTF20aammtwx,SN Ic,0.02718,gibbs,ztfg,ztfr,,,,,10.361005439098246,19.16510669239159,,,,,10.08684499220998,18.65798272200743,-2.717944468012832,0.5070844662252085,16.184102952759705,27.973244084267602,True,True,27.973244084267602,True,-17.227872369265462,-17.556321897786663,-3.2250289342380407,r,-17.556321897786663,,0.328449528521201,0.42224875393053907,0.2741826198953632
ZTF20aanvmdt,SN Ib,0.03685,changepoint_1,,,,,,,,,,,,,,,,,,,False,False,,False,,,,,,,,,
ZTF20aaoflta,SN Ic,0.01438,gibbs,ztfg,,,,,,8.370045083988833,,,,,,8.251390094430915,,-16.96748839970678,,8.251390094430915,,True,False,8.251390094430915,True,-15.003287426370292,,,g,-15.003287426370292,,,,
ZTF20aapcbmc,SN Ic-BL?,0.032,gibbs,,ztfr,,,,,,14.863844090277203,,,,,,14.40294969988101,,1.093214360800708,,28.061531541824834,False,True,28.061531541824834,True,,-17.564551399812625,,r,-17.564551399812625,,,,
ZTF20aattyuz,SLSN-I,0.1216,gibbs,ztfg,ztfr,,,,,19.77149470732381,25.099004503813866,,,,,17.62793750652979,22.37785708257299,2.3275134751736655,3.2099157038499246,26.841721542791372,32.3901918752726,True,True,26.841721542791372,True,-20.34137970583501,-20.20089022824858,-0.8824022286762592,g,-20.34137970583501,,-0.14048947758643138,-0.13865432833234692,-0.14223595136132516
ZTF20aaurexl,SN Ic-BL,0.07,gibbs,ztfg,ztfr,,,,,11.780672537041577,14.701458709234252,,,,,11.009974333683715,13.739681036667525,-5.804302315695911,-1.8542397631765084,15.860606935716902,22.263820977661688,True,True,22.263820977661688,True,-19.050153134296067,-19.21358506769868,-3.9500625525194026,r,-19.21358506769868,,0.16343193340261308,0.24541385817801498,0.09338650301535978
ZTF20aavcvrm,SN Ic-BL,0.055,changepoint_1,ztfg,ztfr,22.58246242068116,29.265978844562806,8.887935184908423,10.813604964168427,13.694527235772735,18.45237388039438,21.40517764993475,27.740264307642473,8.424583113657274,10.24986252527813,12.980594536277476,17.49040178236434,-3.0301520288275725,0.2837325015986778,21.40517764993475,27.740264307642473,False,False,27.740264307642473,False,-17.696192596426776,-18.067880376205085,-3.3138845304262503,r,-18.067880376205085,27.740264307642473,0.37168777977830914,0.5101736401009305,0.2957710493104173
ZTF20aavgcnu,SN Ic,0.01774,gibbs,,,,,,,,,,,,,,,,,,,False,False,,False,,,,,,,,,
ZTF20aavhyel,SN Ic,0.02524,gibbs,ztfg,ztfr,,31.174136332779874,,12.303773947420092,13.76046899753729,18.870362385359783,,30.406671933186256,,12.000871939662998,13.42170515931615,18.405799993523257,-0.6982699331418409,2.3466963398809817,21.541489567846607,30.406671933186256,True,False,30.406671933186256,False,-16.96023623687873,-17.335164994139713,-3.0449662730228226,r,-17.335164994139713,30.406671933186256,0.3749287572609852,0.419160815853477,0.3400363309428691
ZTF20aavzffg,SN Ib,0.00524,gibbs,ztfg,ztfr,20.419374699433078,25.92084711408725,9.317576906625954,10.553292806345961,11.101797792807126,15.367554307741287,20.312934920449923,25.785729889466445,9.269007308330304,10.498281809663327,11.04392761211962,15.28744807980312,-3.4689330421940223,-1.2194611898282375,20.312934920449923,25.785729889466445,False,False,25.785729889466445,False,-16.13025210140214,-16.66328746167887,-2.249471852365785,r,-16.66328746167887,25.785729889466445,0.533035360276731,0.5676921871795919,0.505269627735089
ZTF20aaxvzja,SN Ib,0.03468,matern32,ztfg,ztfr,,23.507580228955206,,5.00012413556718,12.320676299208348,18.507456093388026,,22.719662339037388,,4.832531928293946,11.907716684586875,17.887130410743442,-7.4529601350543615,-7.972271740583777,16.32260869428585,22.719662339037388,True,False,22.719662339037388,False,-16.84685791616749,-17.11850471939147,0.5193116055294151,r,-17.11850471939147,22.719662339037388,0.27164680322398027,0.28059979234470944,0.25653009195818655
ZTF20aazkjfv,SN Ic-BL,0.03696,gibbs,ztfg,ztfr,,33.3779529291956,,12.836930767461366,14.501602528560097,20.541022161734237,,32.18827431067312,,12.379388566059795,13.984727017975713,19.808885744613328,-2.5554627262294876,1.6851476610972718,20.225280051870627,32.18827431067312,True,False,32.18827431067312,False,-17.16948111519107,-18.055064639749958,-4.240610387326759,r,-18.055064639749958,32.18827431067312,0.8855835245588892,0.9663570776439521,0.8142841112488739
ZTF20aazpyhy,SN Ic,0.04,gibbs,ztfg,ztfr,,32.79397241939746,,12.674322403078811,12.401485156802506,20.119650016318655,,31.532665787882173,,12.186848464498857,11.924504958463947,19.345817323383322,-10.680340657006248,-4.840571710177368,18.988268845785196,31.532665787882173,True,False,31.532665787882173,False,-17.91129460550687,-18.234279068611333,-5.83976894682888,r,-18.234279068611333,31.532665787882173,0.3229844631044614,0.5138829285815802,0.19573626093218266
ZTF20abaszgh,SN Ib,0.02223,gibbs,,,,,,,,,,,,,,,,,,,False,False,,False,,,,,,,,,
ZTF20abbpkng,SN Ib,0.0374,matern32,ztfg,ztfr,25.94123650227887,,12.81579767456291,,13.125438827715959,,25.00601166597153,,12.353766796378359,,12.652244869593172,,-4.07528032765576,-2.637395303942853,25.00601166597153,27.938993637909146,False,True,27.938993637909146,True,-16.867500247704147,-17.400687400837512,-1.4378850237129068,r,-17.400687400837512,,0.5331871531333654,0.5529848363047805,0.5189495452660999
ZTF20abbplei,SN Ic-BL,0.03116,gibbs,ztfg,ztfr,13.298070309020764,19.58886565014059,5.615705320727285,7.164915292895117,7.682364988293479,12.423950357245472,12.89622397011207,18.99692157389793,5.446007720166884,6.94840305374056,7.4502162499451865,12.048518520157367,-2.535216511057035,-0.27862981043424284,12.89622397011207,18.99692157389793,False,False,18.99692157389793,False,-18.310383231403772,-18.50308732797628,-2.256586700622792,r,-18.50308732797628,18.99692157389793,0.1927040965725091,0.2795168389441578,0.13818026923677706
ZTF20abcjdwu,SN Ic-BL,0.03826,matern32,ztfg,ztfr,12.840584058474564,19.486868052500625,5.344265945930342,5.6108270098954245,7.4963181125442215,13.8760410426052,12.367407064198336,18.768774731281784,5.147329133290643,5.404067391496759,7.220077930907694,13.364707339785026,-2.696341585508618,-0.32522789778871086,12.367407064198336,18.768774731281784,False,False,18.768774731281784,False,-17.682957049241764,-17.990598680587247,-2.371113687719907,r,-17.990598680587247,18.768774731281784,0.30764163134548284,0.45965052099827375,0.07270829853822747
ZTF20abefbpl,SN Ic,0.0423,gibbs,ztfg,ztfr,,25.376107545901753,,10.93731648931274,26.600645427348358,14.438791056589011,,24.346260717549413,,10.493443815900164,25.521102779764327,13.852816901649248,-18.009710699778225,-3.6318956713042088,25.521102779764327,24.346260717549413,True,False,24.346260717549413,False,-17.022744213261074,-18.251007000029617,-14.377815028474016,r,-18.251007000029617,24.346260717549413,1.2282627867685427,1.3598753318984542,0.22051512201237244
ZTF20abhlncz,SN Ib,0.0308,gibbs,ztfg,ztfr,19.650632413547868,26.707663454339183,10.603130863673409,10.94951523225212,9.047501549874458,15.758148222087062,19.06347731232816,25.909646346856018,10.28631244050583,10.622346946305898,8.77716487182233,15.287299400550118,-4.123137975303983,-2.1429347003482953,19.06347731232816,25.909646346856018,False,False,25.909646346856018,False,-16.65742622365566,-16.940218187151395,-1.980203274955688,r,-16.940218187151395,25.909646346856018,0.2827919634957361,0.32235159483436604,0.2509613994214668
ZTF20abjpvce,SN Ib,0.03128,matern32,,ztfr,,31.687034212817373,,14.035713186514373,,17.651321026303,,30.72592720969802,,13.609992617440824,,17.115934592257194,,-1.9113962930916912,,30.72592720969802,False,False,30.72592720969802,False,,-17.267249651305,,r,-17.267249651305,30.72592720969802,,,
ZTF20abkiarz,SN Ic,0.02354,gibbs,ztfg,ztfr,15.514936228386548,19.923382245227906,7.354027862021294,7.382961840851818,8.160908366365254,12.540420404376086,15.15811421965585,19.46517209413204,7.1848954237463065,7.213163961205052,7.973218795909544,12.252008132926985,-4.163582533552056,-2.3919685613163644,15.15811421965585,19.46517209413204,False,False,19.46517209413204,False,-16.97714270667975,-17.62321894732646,-1.7716139722356914,r,-17.62321894732646,19.46517209413204,0.6460762406467104,0.6881910440789554,0.6111170648850504
ZTF20abobpcb,SLSN-I,0.1583,gibbs,ztfg,ztfr,119.70407668505375,121.27906626987006,55.13262939543975,53.91956005977501,64.571447289614,67.35950621009505,103.34462288271928,104.7043652506864,47.59788430928062,46.55060006887249,55.746738573438655,58.1537651818139,-1.596979974330651,-2.0343967154618383,103.34462288271928,104.7043652506864,False,False,103.34462288271928,False,-22.159516132620947,-22.08215513449716,0.43741674113118734,g,-22.159516132620947,103.34462288271928,-0.07736099812378683,-0.07714565384726768,-0.07754806317404928
ZTF20abpuwxl,SLSN-I,0.2621,gibbs,ztfg,ztfr,,,,55.531487777000805,46.32086407397917,,,,,43.99927721812915,36.70142149907232,,-2.047917769989347,0.6893590328427095,63.53553680689916,108.24213211639984,True,True,63.53553680689916,True,-21.82606735287576,-21.747802575795173,-2.7372768028320564,g,-21.82606735287576,,-0.07826477708058732,-0.07398050356933794,-0.0823054092221156
ZTF20abqdkne,SN Ic,0.02838,gibbs,ztfg,ztfr,16.54375989852954,23.619121195663233,7.519227829684695,9.28265916883932,9.024532068844845,14.336462026823911,16.087205020060228,22.96730896717481,7.3117211825246455,9.026487454870106,8.775483837535585,13.940821512304703,-0.6790615468448031,2.349139707699221,16.087205020060228,22.96730896717481,False,False,22.96730896717481,False,-17.406554758340707,-17.857068684633656,-3.0282012545440242,r,-17.857068684633656,22.96730896717481,0.45051392629294895,0.5471110694974506,0.38551822656807744
ZTF20abrmmah,SN Ic-BL,0.0725,gibbs,,ztfr,,22.691053351729536,,8.031069607645106,,14.659983744084428,,21.15715930231192,,7.488176790345087,,13.668982511966833,,-4.24793474186839,,21.15715930231192,False,False,21.15715930231192,False,,-18.97889888278817,,r,-18.97889888278817,21.15715930231192,,,
ZTF20abswdbg,SN Ic-BL,0.042,matern32,ztfg,ztfr,25.258083315627267,34.435064959185425,11.589033262063305,13.37525866079259,13.669050053563963,21.059806298392832,24.24000318198394,33.047087292884285,11.12191291944655,12.836140749321103,13.118090262537391,20.21094654356318,-4.207140372288025,-1.7053413957861991,24.24000318198394,33.047087292884285,False,False,33.047087292884285,False,-16.831724765985594,-17.621761916560803,-2.501798976501826,r,-17.621761916560803,33.047087292884285,0.7900371505752091,0.8347611219841191,0.76572557195162
ZTF20abtkjfw,SN Ic,0.01744,matern32,ztfg,ztfr,,,,,,13.683414319696963,,,,,,13.448866095000161,-4.918965807725247,0.18070400529179942,16.66313335408603,25.404046356576938,True,True,25.404046356576938,True,-15.50347204268931,-16.424897977993552,-5.099669813017046,r,-16.424897977993552,,0.9214259353042422,1.0588899650994712,0.7876221109104868
ZTF20abusrwm,SN Ic,0.031,gibbs,ztfg,ztfr,24.027169423863043,34.15944215285674,12.132465255511725,14.630931408997704,11.894704168351318,19.52851074385904,23.304723010536417,33.13233962449733,11.767667561117097,14.191010096021053,11.53705544941932,18.941329528476277,-5.238794453153009,-2.686913662598471,23.304723010536417,33.13233962449733,False,False,33.13233962449733,False,-16.552176454045608,-16.996161818086744,-2.551880790554538,r,-16.996161818086744,33.13233962449733,0.4439853640411364,0.47925408580756823,0.4195168952844597
ZTF20abvquuo,SN Ib,0.029,gibbs,ztfg,ztfr,23.242786717652468,32.46756243630922,9.895670814552593,12.104155951025373,13.347115903099875,20.363406485283853,22.587742194025722,31.552538810796136,9.616784076338769,11.763028135107263,12.970958117686953,19.789510675688877,0.3607532440544041,2.9434113913169586,22.587742194025722,31.552538810796136,False,False,31.552538810796136,False,-16.942494298106467,-17.2985345079747,-2.5826581472625545,r,-17.2985345079747,31.552538810796136,0.35604020986823315,0.3941975055064262,0.32979778340280674
ZTF20abwxywy,SN Ic,0.01742,gibbs,ztfg,ztfr,19.458813619533096,26.22278054203196,8.140658792820753,10.068557272086942,11.318154826712343,16.154223269945017,19.1256448856255,25.77380092983425,8.001276555228669,9.896166059333355,11.12436833039683,15.877634870500891,-1.0152688940596573,2.369130565718393,19.1256448856255,25.77380092983425,False,False,25.77380092983425,False,-17.23485439311407,-17.68759735259272,-3.3843994597780505,r,-17.68759735259272,25.77380092983425,0.45274295947865184,0.5346293235086748,0.3894604309780725
ZTF20abxpoxd,SN Ic,0.02208,changepoint_1,ztfg,ztfr,59.412615984803715,68.63972848103086,22.38034844353269,28.42710700601095,37.032267541271025,40.212621475019915,58.129124906860234,67.15690403983137,21.896865649981105,27.812996053157235,36.23225925687913,39.34390798667415,-24.919042902328435,-17.3156654014035,58.129124906860234,67.15690403983137,False,False,67.15690403983137,False,-16.10797753078017,-17.319852843216815,-7.603377500924935,r,-17.319852843216815,67.15690403983137,1.2118753124366464,1.2784863027678348,1.1610006576982101
ZTF20abywsut,SN Ic,0.03142,gibbs,ztfg,ztfr,,27.610710211252318,,11.45504423545284,12.011128359773686,16.15566597579948,,26.769609093533496,,11.1060908606124,11.645235073756265,15.6635182329211,-5.066199443108072,-0.6945985998397397,15.28166548705221,26.769609093533496,True,False,26.769609093533496,False,-17.10612790290242,-17.477876142253557,-4.371600843268332,r,-17.477876142253557,26.769609093533496,0.3717482393511382,0.48811919666337644,0.2930338368360239
ZTF20abzjcdg,SN Ic,0.04643,gibbs,ztfg,ztfr,,,,,26.255889639197893,37.11056734394694,,,,,25.090918302416686,35.463974985375934,1.1103371486597498,3.5828482619199757,30.898142243480237,42.63557066035825,True,True,42.63557066035825,True,-17.856406002649575,-18.067749201643593,-2.472511113260226,r,-18.067749201643593,,0.21134319899401888,0.23946947891732862,0.17584667972123924
ZTF20abzoeiw,SN Ic-BL,0.027,gibbs,ztfg,,,,,,10.618968028669741,,,,,,10.339793601431102,,1.3250627659893448,,17.391283344268313,,True,False,17.391283344268313,True,-17.820720137876037,,,g,-17.820720137876037,,,,
ZTF20accbsxa,SN Ic,0.064,matern32,ztfg,ztfr,16.858593577549044,22.296616726459845,7.638871676916999,10.661913022469129,9.219721900632045,11.634703703990716,15.844542836042335,20.955466848176545,7.179390673794171,10.020594945929632,8.665152162248162,10.934871902246913,-2.1289350844709105,1.6254854914166206,15.844542836042335,20.955466848176545,False,False,20.955466848176545,False,-18.2607743297816,-18.4229001807497,-3.754420575887531,r,-18.4229001807497,20.955466848176545,0.16212585096809917,0.30904520774403466,0.08916542604799105
ZTF20acfqngt,SN Ic,0.01611,gibbs,ztfg,ztfr,30.229701725279604,35.62391029381282,13.364737259012147,14.884952340098582,16.864964466267455,20.738957953714237,29.750422420091923,35.05910806291919,13.1528449272344,14.648957632636803,16.59757749285752,20.410150430282386,-5.542480688855443,-1.269291884298564,29.750422420091923,35.05910806291919,False,False,35.05910806291919,False,-14.95576683766188,-15.811780706644996,-4.273188804556879,r,-15.811780706644996,35.05910806291919,0.8560138689831156,0.9165596023170792,0.8017344902350239
ZTF20achvlbs,SN Ic-BL,0.1785,changepoint,ztfg,ztfr,,27.641646840570314,,8.455916853621282,16.27336673222892,19.18572998694903,,23.454940042910742,,7.175152188053697,13.808541987466201,16.279787854857048,-0.5728041832100015,0.4674272779202937,20.89278587094676,23.454940042910742,True,False,20.89278587094676,True,-20.74582324715882,-20.6224664303221,-1.0402314611302952,g,-20.74582324715882,,-0.12335681683672206,-0.11546100018721006,-0.13173443935798446
ZTF20acjbzrh,SN Ib,0.04106,matern32,,ztfr,,33.693446783054675,,13.166137167369614,,20.52730961568506,,32.36455803032935,,12.646857210314115,,19.71770082001523,,0.7174653942409996,,32.36455803032935,False,False,32.36455803032935,False,,-17.454927341769643,,r,-17.454927341769643,32.36455803032935,,,
ZTF20aclnplo,SN Ic,0.0347,matern32,ztfg,ztfr,21.952764201935473,26.281547333099546,9.000977034028406,12.476515040035347,12.951787167907069,13.805032293064198,21.21654991972115,25.400161721368075,8.69911765152064,12.05809900457654,12.517432268200512,13.342062716791531,-4.318565283146809,-1.0037168273664996,21.21654991972115,25.400161721368075,False,False,25.400161721368075,False,-18.156735915906996,-18.57532170435744,-3.314848455780309,r,-18.57532170435744,25.400161721368075,0.4185857884504429,0.4783293473220134,0.3929063776990134
ZTF20acphdcg,SLSN-I,0.1,changepoint,ztfg,ztfr,155.26121635086162,166.10884461181246,44.80852849730285,44.459665801088775,110.45268785355876,121.64917881072368,141.1465603189651,151.00804055619312,40.73502590663895,40.417878000989795,100.41153441232613,110.59016255520334,4.825345872812392,3.0554374802972717,141.1465603189651,151.00804055619312,False,False,141.1465603189651,False,-21.247601627965306,-21.033836042604875,1.76990839251512,g,-21.247601627965306,141.1465603189651,-0.21376558536043078,-0.2130102673418861,-0.21464502613330794
ZTF20acpjqxp,SN Ib,0.00771,gibbs,ztfg,ztfr,19.373709649310314,28.12181844948894,8.59835246822323,10.281483200009681,10.775357181087086,17.84033524947926,19.225481189340496,27.906658115419056,8.53256638142246,10.202819461957985,10.692914807918037,17.703838653461073,0.138388705718004,2.330311115304209,19.225481189340496,27.906658115419056,False,False,27.906658115419056,False,-17.415854190490236,-17.66504060588686,-2.191922409586205,r,-17.66504060588686,27.906658115419056,0.2491864153966219,0.287807170698656,0.22312459627494974
ZTF20acpyldh,SLSN-I,0.21925,changepoint_1,ztfg,ztfr,118.24274295743233,156.23821497561607,77.64331312539929,111.9672933842422,40.59942983203304,44.270921591373884,96.97989990357378,128.14288700071035,63.68120822259528,91.83292465387919,33.2986916809785,36.309962346831156,-7.733648179535422,-10.134686457355457,96.97989990357378,128.14288700071035,False,False,96.97989990357378,False,-21.176622362050075,-21.13882808933001,2.401038277820035,g,-21.176622362050075,96.97989990357378,-0.03779427272006686,0.006701634019794511,-0.10003447753873473
ZTF20acpzaoa,SN Ib,0.03,gibbs,ztfg,,,,,,,,,,,,,,-1.2985098002373192,,17.497224466043335,,True,False,17.497224466043335,True,-16.142354923099894,,,g,-16.142354923099894,,,,
ZTF20actekrw,SN Ic,0.0334,gibbs,ztfg,ztfr,24.969975876655823,41.37825734395639,10.586785804262725,13.371192373933376,14.383190072393099,28.007064970023016,24.162933884900156,40.04089156566324,10.244615641825744,12.939028811625096,13.918318243074411,27.10186275403814,-5.865146809562962,-1.493860616191677,24.162933884900156,40.04089156566324,False,False,40.04089156566324,False,-16.947458123312725,-17.428771107923026,-4.371286193371285,r,-17.428771107923026,40.04089156566324,0.4813129846103017,0.5780389004679414,0.41337956558308875
ZTF20actpqgc,SN Ic,0.03277,matern32,ztfg,ztfr,,41.90391488114433,,16.61690221550525,15.729154126082387,25.287012665639082,,40.574295226569646,,16.089644563170165,15.2300648993313,24.48465066339948,-6.507282971816165,-1.472365217467729,28.36597553593565,40.574295226569646,True,False,40.574295226569646,False,-16.821192950824386,-17.604241740124706,-5.034917754348436,r,-17.604241740124706,40.574295226569646,0.7830487893003202,0.9288311103727622,0.7312505145473089
ZTF20acueziy,SN Ic,0.0233,gibbs,ztfg,ztfr,,21.283384979064326,,8.552305193232108,9.108438855918836,12.731079785832218,,20.798773555227523,,8.357573725429598,8.901044518634647,12.441199829797926,-4.2061571336643455,-1.1674929374778618,14.533251951922512,20.798773555227523,True,False,20.798773555227523,False,-16.71868619392315,-17.23808222141775,-3.0386641961864838,r,-17.23808222141775,20.798773555227523,0.5193960274945972,0.6474490217499778,0.4515537491184958
ZTF20acvcxkz,SN Ic-BL,0.0815,gibbs,ztfg,ztfr,,28.724587737806228,,12.484062520449285,11.229247805765194,16.240525217356943,,26.55995167619624,,11.543284808552276,10.383030795899394,15.016666867643961,-9.054104161482947,-2.1857703375872823,15.858818903556475,26.55995167619624,True,False,26.55995167619624,False,-18.3958211856135,-18.935905392085797,-6.868333823895664,r,-18.935905392085797,26.55995167619624,0.5400842064722973,0.8645373743518121,0.3663613173485807
ZTF20acvebcu,SN Ib,0.063,gibbs,ztfg,ztfr,,,,,17.2096704288071,19.83852412018097,,,,,16.18971818326162,18.662769633284075,-5.834181165242088,0.203958327985287,29.479942675053408,35.88989148429339,True,True,35.88989148429339,True,-18.764829090170814,-19.1173111513474,-6.038139493227375,r,-19.1173111513474,,0.35248206117658754,0.47088200140461467,0.24090331487235161
ZTF20acvmzfv,SN Ic-BL,0.06,gibbs,ztfg,ztfr,,28.590225477367724,,10.010563306253541,10.14966446326958,18.579662171114183,,26.9719108277054,,9.443927647409,9.575155154027906,17.5279831802964,-0.2685335323823921,2.3489191981848734,11.27836889720331,26.9719108277054,True,False,26.9719108277054,False,-18.819601076420092,-19.090398359638627,-2.6174527305672655,r,-19.090398359638627,26.9719108277054,0.2707972832185348,0.33804213666114435,0.2310632780738402
ZTF20acwofhd,SN Ic,0.03281,gibbs,ztfg,ztfr,19.922356579699645,29.49694008364262,8.608265423553675,10.509806540068366,11.314091156145972,18.987133543574252,19.28946909857539,28.5598900897964,8.334800615363596,10.175934140905264,10.954668483211792,18.383955948891135,-3.8414337162774945,-0.3697328325621907,19.28946909857539,28.5598900897964,False,False,28.5598900897964,False,-17.120272320779115,-17.538270825897715,-3.471700883715304,r,-17.538270825897715,28.5598900897964,0.41799850511860015,0.5046847409256792,0.35300656447646617
ZTF20acxqxyw,SN Ib,0.04703,gibbs,ztfg,ztfr,22.51836730696545,33.594344971680655,9.679639602500773,11.661410928352897,12.838727704464677,21.932934043327755,21.506897898785567,32.085370019656224,9.244854113540944,11.137609169128773,12.262043785244623,20.94776085052745,-9.829943152744855,-6.722096502189462,21.506897898785567,32.085370019656224,False,False,32.085370019656224,False,-17.461750725548807,-17.912886745023673,-3.107846650555393,r,-17.912886745023673,32.085370019656224,0.45113601947486615,0.5120347854134941,0.40788495696540394
ZTF20adadrhw,SN Ic-BL,0.0075,gibbs,ztfg,ztfr,14.997816514943505,20.628703501656247,5.760793873129571,8.01054821416847,9.237022641813933,12.61815528748778,14.886170238157325,20.475139952016125,5.717909551493371,7.950916341606421,9.168260686663952,12.524223610409706,-1.8408818372528062,0.7077486224472178,14.886170238157325,20.475139952016125,False,False,20.475139952016125,False,-17.713950010865346,-17.756437170634566,-2.548630459700024,r,-17.756437170634566,20.475139952016125,0.042487159769219573,0.12172707206575595,-0.005210379521450648
ZTF21aaaosoq,SN Ic,0.0315,gibbs,ztfg,ztfr,,20.798781458142756,,6.461565549683202,6.950245153628451,14.337215908459555,,20.16362720130175,,6.264241928922154,6.73799821001304,13.899385272379597,-0.7992212408750579,0.5445776742828512,11.761396425451998,20.16362720130175,True,False,11.761396425451998,True,-17.879121358297798,-17.86917302322161,-1.343798915157909,g,-17.879121358297798,,-0.009948335076188641,0.026665907087558338,-0.031916101968676
ZTF21aaarmti,SLSN-I,0.1925,gibbs,ztfg,ztfr,,,,20.062432224857204,13.43950223699019,,,,,16.823842536567888,11.270022840243348,,6.7800208960837764,3.4252407817977115,29.4972998180425,39.951135046573704,True,True,29.4972998180425,True,-21.23010468885312,-20.932028408332084,3.354780114286065,g,-21.23010468885312,,-0.2980762805210375,-0.24789616153145388,-0.3272462356502075
ZTF21aaaubig,SN Ic,0.00934,gibbs,ztfg,ztfr,16.175383055604986,20.278940198574233,6.527823164467497,8.099945309080223,9.647559891137488,12.178994889494009,16.025702989681363,20.091287572645722,6.4674174851561395,8.024991884875487,9.558285504525223,12.066295687770236,-2.440068946917945,0.2838744052259887,16.025702989681363,20.091287572645722,False,False,20.091287572645722,False,-15.793736009447244,-16.499371567080058,-2.723943352143934,r,-16.499371567080058,20.091287572645722,0.7056355576328137,0.78439078082409,0.6364777624518361
ZTF21aacufip,SN Ic,0.045,changepoint_1,ztfg,ztfr,15.841028320996648,20.15407892821273,3.866930619998353,3.9117452356226474,11.974097700998295,16.242333692590083,15.158878776073347,19.28619993130405,3.700412076553448,3.7432968761939214,11.4584666995199,15.542903055110129,-0.22660738917807421,0.016476243650497935,15.158878776073347,19.28619993130405,False,False,15.158878776073347,False,-18.442849344594144,-18.4232111935981,-0.24308363282857215,g,-18.442849344594144,15.158878776073347,-0.0196381509960446,-0.0141389039896751,-0.02508710533088987
ZTF21aagpymw,SLSN-I,0.09,gibbs,ztfg,ztfr,68.59765656110147,,17.047898430054094,,51.54975813104738,80.64513260584113,62.93362987257015,,15.640273789040451,,47.29335608352971,73.98636018884507,-4.267957550460061,-1.6919133081984299,62.93362987257015,88.99872733709897,False,True,62.93362987257015,False,-20.656467520283048,-20.51961476245883,-2.5760442422616308,g,-20.656467520283048,62.93362987257015,-0.13685275782421868,-0.12709803075571102,-0.14470581496239276
ZTF21aagtpro,SN Ic-BL,0.0175,matern32,ztfg,,,,,,15.966438523554126,,,,,,15.691831472780468,,-9.773369261349695,,25.69639160886601,,True,False,25.69639160886601,True,-17.42518043281135,,,g,-17.42518043281135,,,,
ZTF21aahdqrg,SN Ic,0.02201,changepoint_1,ztfg,ztfr,,25.388935529559546,,9.42271782638226,9.71827693513762,15.966217703177287,,24.842159596833245,,9.219790243130948,9.508984193048619,15.622369353702299,-4.706317439320086,-1.7806081694109412,16.6262925957855,24.842159596833245,True,False,24.842159596833245,False,-16.931303702084715,-17.40694944627302,-2.925709269909145,r,-17.40694944627302,24.842159596833245,0.47564574418830574,0.5667864149986279,0.4253404155815126
ZTF21aalhgqi,SN Ib/c,0.086,matern32,ztfg,ztfr,,26.09514213082641,5.47703494853469,11.479058812824025,,14.616083318002387,,24.028675995236103,5.043310265685718,10.570035739248642,,13.458640255987463,-7.401270241080119,-0.006956600060657792,15.533767025133667,24.028675995236103,True,False,24.028675995236103,False,-18.694831725518974,-19.031503192967364,-7.394313641019461,r,-19.031503192967364,24.028675995236103,0.33667146744839016,0.6629968900642034,0.07497259006646928
ZTF21aalhtgv,SLSN-I,0.2805,gibbs,ztfg,ztfr,63.506166475743015,82.41652598311708,30.751703745329255,33.39867557579408,32.754462730413756,49.017850407323,49.59481958277471,64.3627692175846,24.01538754028056,26.082526806555315,25.579432042494147,38.28024241102929,2.369013548311287,6.186910015669724,49.59481958277471,64.3627692175846,False,False,64.3627692175846,False,-21.9185270473256,-22.00098303560155,-3.8178964673584375,r,-22.00098303560155,64.3627692175846,0.08245598827594947,0.09297064657271292,0.07445062548728387
ZTF21aannoix,SN Ic,0.02583,gibbs,ztfg,ztfr,,34.87920084478675,,14.821815233364301,17.481583610086048,20.05738561142245,,34.00095614749691,,14.448607696562101,17.041404141120896,19.552348450934804,-6.553320245868086,-2.50257210500828,30.105239917060544,34.00095614749691,True,False,34.00095614749691,False,-17.375758651557945,-17.731061869825695,-4.050748140859806,r,-17.731061869825695,34.00095614749691,0.3553032182677498,0.39860266276996015,0.3114713180225266
ZTF21aanvncv,SN Ib,0.02785,gibbs,ztfg,ztfr,19.855528896844895,35.56649702787159,8.700257343340912,10.809324005495942,11.155271553503983,24.75717302237565,19.317535532271144,34.602808802715955,8.464520448840698,10.516441120295706,10.853015083430446,24.086367682420246,-8.987330674983003,-6.026713314979826,19.317535532271144,34.602808802715955,False,False,34.602808802715955,False,-16.793868526096002,-17.29597814923815,-2.9606173600031767,r,-17.29597814923815,34.602808802715955,0.5021096231421467,0.5680531202265762,0.45739371580332033
ZTF21aaocrlm,SN Ic-BL,0.03764,gibbs,ztfg,ztfr,23.098928757890285,43.85498253155111,10.020962237027545,14.884223444131559,13.077966520862738,28.970759087419548,22.26102382125813,42.26415956550549,9.657455607944515,14.344303847318493,12.603568213313615,27.919855718186994,-4.712361656887836,1.0009514182079684,22.26102382125813,42.26415956550549,False,False,42.26415956550549,False,-16.863150910436783,-17.264801123064274,-5.7133130750958045,r,-17.264801123064274,42.26415956550549,0.4016502126274908,0.5904906943126527,0.30659171597352497
ZTF21aaqhhfu,SN Ib,0.0062,changepoint,ztfg,ztfr,13.586289435338086,,6.719843332025182,,6.866446103312905,10.03597276810908,13.502573479763553,,6.67843702248577,,6.824136457277783,9.974133142624806,-2.067844899889341,0.07373359155010029,13.502573479763553,15.014544483800739,False,True,15.014544483800739,True,-14.57818391514796,-15.029934415808064,-2.141578491439441,r,-15.029934415808064,,0.45175050066010414,0.5165650715673742,0.3969522054468939
ZTF21aaqldsk,SN Ic,0.0364,changepoint,ztfg,ztfr,21.736118264523952,34.614943729945516,9.642599352753093,13.85396662372399,12.093518911770861,20.760977106221528,20.9727115636086,33.39921239863519,9.303936079460723,13.36739350031261,11.66877548414788,20.031818898322587,-5.5982334417614315,-1.1079106171358717,20.9727115636086,33.39921239863519,False,False,33.39921239863519,False,-17.18682769006646,-17.508690015228428,-4.49032282462556,r,-17.508690015228428,33.39921239863519,0.32186232516196966,0.42636194355323553,0.243223153599331
ZTF21aaqwfqe,SN Ib,0.02112,gibbs,ztfg,ztfr,,27.9652759115557,,10.200790318008158,11.025145061508642,17.76448559354754,,27.386865316080087,,9.98980562324522,10.797110096275308,17.39705969283487,-2.6549677096185302,0.4677404472891702,19.004700869570517,27.386865316080087,True,False,27.386865316080087,False,-16.404936957198917,-16.966452080242735,-3.1227081569077004,r,-16.966452080242735,27.386865316080087,0.5615151230438187,0.6407443757110975,0.49755348429877344
ZTF21aarmuxl,SN Ib,0.0475,gibbs,ztfg,ztfr,17.70550537926315,23.839800085323603,7.323264769391287,9.388672459501258,10.382240609871866,14.451127625822346,16.902630433664104,22.75875903133518,6.991183550731538,8.962933135562059,9.911446882932568,13.795825895773122,-6.295196668882941,-4.564542928694234,16.902630433664104,22.75875903133518,False,False,22.75875903133518,False,-17.422824153705793,-17.816911015775762,-1.730653740188707,r,-17.816911015775762,22.75875903133518,0.3940868620699689,0.4245564581070198,0.3751675697074255
ZTF21aarnjyd,SN Ib,0.022,matern32,ztfg,,31.6035775751875,,16.97412258406257,,14.62945499112493,,30.923265729146284,,16.608730512781378,,14.314535216364902,,869.9932015154609,,30.923265729146284,,False,False,30.923265729146284,False,-16.540679839128092,,,g,-16.540679839128092,30.923265729146284,,,
ZTF21aartgiv,SN Ic-BL,0.0461,gibbs,ztfg,ztfr,14.042057686711615,21.41259054047546,6.103246674713782,8.410846361684355,7.938811011997834,13.001744178791105,13.423246044079548,20.468970978372486,5.834286086142607,8.040193443919659,7.588959957936941,12.428777534452829,-5.857844614167568,-2.6222573343332236,13.423246044079548,20.468970978372486,False,False,20.468970978372486,False,-18.60422141395382,-18.713464306016128,-3.235587279834345,r,-18.713464306016128,20.468970978372486,0.10924289206230853,0.2381120298522461,0.034143135510188216
ZTF21aaufwyh,SN Ib,0.02845,gibbs,ztfg,ztfr,25.65918274581438,,11.584408610652645,,14.074774135161736,25.5783551795013,24.949373081641674,,11.263949254365933,,13.68542382727574,24.870781447324905,-4.981066256703546,-2.9810535872519086,24.949373081641674,37.50945169181085,False,True,37.50945169181085,True,-17.560689456511177,-17.737005480483155,-2.000012669451637,r,-17.737005480483155,,0.1763160239719781,0.19599274021445723,0.1617713012725197
ZTF21aavdqgf,SLSN-I,0.159,changepoint,ztfg,ztfr,27.24325459991943,29.55469981589067,5.290198159357914,5.969602982649639,21.953056440561518,23.585096833241032,23.50582795506422,25.500172403702045,4.564450525761789,5.150649683045417,18.94137742930243,20.349522720656626,0.346326405379088,2.2264819021239823,23.50582795506422,25.500172403702045,False,False,23.50582795506422,False,-20.673512588497804,-20.409163239022995,-1.8801554967448944,g,-20.673512588497804,23.50582795506422,-0.26434934947480926,-0.23178314680630407,-0.3823794720754101
ZTF21aawogdl,SN Ib,0.03127,gibbs,ztfg,ztfr,15.562140378123054,19.22540875466828,5.694843436061143,7.37793695188758,9.86729694206191,11.8474718027807,15.090267706927435,18.642459059866262,5.522165326307508,7.154224356267108,9.568102380619926,11.488234703599154,-3.8248264873034614,-1.051853411146567,15.090267706927435,18.642459059866262,False,False,18.642459059866262,False,-16.876083459787765,-17.30994647237496,-2.7729730761568945,r,-17.30994647237496,18.642459059866262,0.43386301258719584,0.5516022816234987,0.347341052816887
ZTF21aaxtctv,SN Ic,0.01356,gibbs,ztfg,ztfr,,46.449916105770086,,18.77867166663341,20.239358101783747,27.67124443913668,,45.82848189132373,,18.527439585849294,19.96858410136918,27.301042305474446,-10.129399080678548,1.590082374116875,29.705474585749478,45.82848189132373,True,False,45.82848189132373,False,-16.743333721447925,-17.151828314567805,-11.719481454795423,r,-17.151828314567805,45.82848189132373,0.40849459311987957,0.7540129050170918,0.1994363228878271
ZTF21aaxxihx,SN Ic-BL,0.07,matern32,ztfg,ztfr,16.128919971310957,25.59346138943537,7.015864131887671,6.928172970862733,9.113055839423287,18.665288418572636,15.073756982533604,23.91912279386483,6.55688236625016,6.4749280101520865,8.516874616283445,17.444194783712742,0.3450784455751812,1.0421471883328781,15.073756982533604,23.91912279386483,False,False,23.91912279386483,False,-18.909996622332937,-19.1101795926456,-0.6970687427576969,r,-19.1101795926456,23.91912279386483,0.20018297031266385,0.210188315698435,0.19099857974964252
ZTF21aayqrgx,SN Ib,0.033,changepoint_1,ztfg,ztfr,,,,,12.773671613151903,19.452751149558836,,,,,12.365606595500392,18.83131766656228,0.11926903797284716,4.04032010394449,20.116527832556272,30.421580206547482,True,True,30.421580206547482,True,-16.72753206177859,-17.2859245914368,-3.9210510659716427,r,-17.2859245914368,,0.5583925296582102,0.6284428274487155,0.4875402655849612
ZTF21abahiow,SN Ib,0.03,changepoint_1,ztfg,ztfr,21.321907359441795,31.259387113699994,10.56688128041255,10.929067854701328,10.755026079029246,20.330319258998664,20.700880931496886,30.34891952786407,10.259108039235485,10.610745490001289,10.441772892261405,19.73817403786278,-4.859371722996629,-3.6908392107155557,20.700880931496886,30.34891952786407,False,False,30.34891952786407,False,-17.025115722269405,-17.51763577611892,-1.1685325122810735,r,-17.51763577611892,30.34891952786407,0.49252005384951403,0.5132459654792143,0.4770901304509785
ZTF21abbqeea,SLSN-I,0.28,gibbs,ztfg,ztfr,102.01615692144695,,25.4057225164344,28.07117350724526,76.61043440501255,,79.70012259488043,,19.848220715964374,21.930604302535357,59.85190187891606,,-3.7160417322682555,-3.062547696950709,79.70012259488043,83.5482269567007,False,True,83.5482269567007,True,-21.811325924116993,-21.957612693942977,-0.6534940353175465,r,-21.957612693942977,,0.1462867698259842,0.14687119229031254,0.14582003036458246
ZTF21abccaue,SN Ib,0.03966,matern32,ztfg,,,,,,29.804469787426488,,,,,,28.66751609894243,,-6.280227081307171,,44.717895279260325,,True,False,44.717895279260325,True,-17.50266827830225,,,g,-17.50266827830225,,,,
ZTF21abcgaln,SN Ic,0.00965,changepoint_1,ztfg,ztfr,,21.417277165987436,,7.707702821690676,8.668673975725323,13.709574344296762,,21.212575809426472,,7.634034389828828,8.585820804957484,13.578541419597645,-2.445238919191709,-0.49001276935462457,13.14666236499019,21.212575809426472,True,False,21.212575809426472,False,-16.5615519968516,-16.942577521632593,-1.9552261498370846,r,-16.942577521632593,21.212575809426472,0.38102552478099483,0.42470684219830446,0.3461413783525771
ZTF21abcgnql,SN Ib,0.0175,changepoint,ztfg,ztfr,,,,,8.318683902149466,11.93216105940645,,,,,8.17561071464321,11.726939616124275,-1.4361021150727016,0.06885149201383811,21.408079299485383,24.597318674873765,True,True,24.597318674873765,True,-14.978842645867314,-15.658480109172537,-1.5049536070865397,r,-15.658480109172537,,0.6796374633052231,0.7067105073979469,0.6548979443229896
ZTF21abchjer,SN Ic-BL,0.02461,gibbs,ztfg,ztfr,,,,,12.944889978093558,13.232099756322667,,,,,12.633968024998348,12.914279341722867,-3.384353386507559,-0.6437951955309362,15.122658271196853,19.026957145325383,True,True,19.026957145325383,True,-15.947357351019587,-16.74813280894612,-2.7405581909766226,r,-16.74813280894612,,0.8007754579265338,0.8575903709172614,0.7466030371435899
ZTF21abcpsjy,SLSN-I,0.15,gibbs,ztfg,ztfr,,,33.025390960406604,53.15415441088885,,,,,28.717731269918787,46.22100383555553,,,-20.64134575535411,0.03277224774917897,70.11907253560868,86.1504771854005,True,True,86.1504771854005,True,-20.409121145772172,-20.526424738714002,-20.67411800310329,r,-20.526424738714002,,0.11730359294183046,0.1673687122211156,0.04507100418958743
ZTF21abdkojo,SN Ib,0.02728,gibbs,ztfg,ztfr,,18.62038731822353,,5.801142392239132,,12.819244925984396,,18.12591242720926,,5.647089782959984,,12.478822644249277,-1.2561522484866492,-0.7186198056137387,9.77484677992886,18.12591242720926,True,False,18.12591242720926,False,-16.296038055180993,-16.59965797979993,-0.5375324428729105,r,-16.59965797979993,18.12591242720926,0.3036199246189355,0.30853099995647426,0.29888879190878015
ZTF21abdxhgv,SN Ib/c,0.07,gibbs,ztfg,ztfr,29.225274368196942,45.18495980680537,10.3830926136933,17.336208777949594,18.842181754503642,27.84875102885577,27.31334053102518,42.22893439888352,9.70382487261056,16.202064278457563,17.60951565841462,26.02687012042595,-7.600644834412531,0.0029674009112490296,27.31334053102518,42.22893439888352,False,False,42.22893439888352,False,-18.22362732328181,-18.471408920210745,-7.60361223532378,r,-18.471408920210745,42.22893439888352,0.24778159692893453,0.3423817971511589,0.1746768614059775
ZTF21abieuta,SN Ib,0.02448,gibbs,ztfg,ztfr,,25.835904599723087,,11.171848110060989,13.426438014644528,14.664056489662096,,25.218554388297562,,10.90489624986431,13.10561261776172,14.313658138433249,-3.583826901964896,-0.14257614726126988,21.390996615395363,25.218554388297562,True,False,25.218554388297562,False,-16.005284737174904,-16.77798796785156,-3.441250754703626,r,-16.77798796785156,25.218554388297562,0.7727032306766546,0.8465571546956738,0.7029595163268176
ZTF21abimnii,SN Ib,0.02,gibbs,ztfg,ztfr,31.764188258949538,35.28392027095059,15.29949333870351,16.767573625766055,16.46469492024603,18.516346645184534,31.14136103818582,34.59207869701038,14.999503273238735,16.438797672319662,16.141857764947087,18.15328102469072,0.94773581596613,4.594965729562418,31.14136103818582,34.59207869701038,False,False,34.59207869701038,False,-16.882028027392955,-17.449067305579334,-3.647229913596288,r,-17.449067305579334,34.59207869701038,0.5670392781863782,0.5989184212971281,0.536884214488083
ZTF21abklcjq,SN Ic,0.0251,changepoint,ztfg,ztfr,25.874779116000102,33.346984054392635,12.770981387192812,16.011601827574147,13.10379772880729,17.335382226818492,25.241224383962642,32.53046927557569,12.458278594471576,15.619551095087454,12.782945789491066,16.91091818048824,-2.6585888152485104,4.071942417607218,25.241224383962642,32.53046927557569,False,False,32.53046927557569,False,-16.069285144144928,-16.665427749577645,-6.7305312328557285,r,-16.665427749577645,32.53046927557569,0.5961426054327177,0.8310825385071325,0.5044442006876686
ZTF21abmjgwf,SN Ic-BL,0.07,changepoint,ztfg,ztfr,34.290634372837566,38.43372738082904,16.746095626183674,16.741259651982627,17.544538746653892,21.692467728846413,32.047321843773425,35.919371383952374,15.65055665998474,15.646037057927689,16.396765183788684,20.273334326024685,-5.755548400937645,-2.5188916029183552,32.047321843773425,35.919371383952374,False,False,35.919371383952374,False,-18.55805154687111,-19.388413229116345,-3.2366567980192897,r,-19.388413229116345,35.919371383952374,0.8303616822452362,0.8643867117615329,0.8046941975975592
ZTF21abmxiuf,SN Ib,0.029,changepoint_1,ztfg,ztfr,,,,,56.48854759629188,64.35353494153617,,,,,54.89654771262574,62.53987846602155,-24.094755266844555,1.1741683008506811,62.55046543207985,91.80664163503097,True,True,91.80664163503097,True,-16.9123667327758,-18.08285288712355,-25.268923567695236,r,-18.08285288712355,,1.1704861543477492,1.3130190636730603,0.8669821236170563
ZTF21abngbrl,SN Ib,0.03,matern32,ztfg,ztfr,13.334215215132318,33.7204658297251,4.911979503311674,6.609912428601738,8.422235711820644,27.11055340112336,12.945840014691571,32.73831633953893,4.768912139137547,6.417390707380328,8.176927875554023,26.320925632158602,-1.486927355598918,0.017175690731638937,12.945840014691571,32.73831633953893,False,False,32.73831633953893,False,-16.819072288865335,-17.006833188300156,-1.504103046330557,r,-17.006833188300156,32.73831633953893,0.18776089943482077,0.22228465356276317,0.1517449819242067
ZTF21abplhpw,SN Ib,0.03454,matern32,ztfg,ztfr,,36.60131986863204,,16.221542687624854,18.512034846273767,20.379777181007185,,35.37931821740294,,15.679956973751478,17.893976884677024,19.699361243651463,-8.31830230225325,0.7303545444895363,25.271905720351842,35.37931821740294,True,False,35.37931821740294,False,-17.047495830446977,-17.527430789815583,-9.048656846742785,r,-17.527430789815583,35.37931821740294,0.479934959368606,0.5743357966871727,0.2542265054773942
ZTF21abraccv,SN Ic,0.01904,changepoint,ztfg,ztfr,16.95658742497861,25.250412717216378,7.061236242305625,9.524829433424456,9.895351182672986,15.72558328379192,16.639766275100694,24.778627646820908,6.929302326018239,9.34686512151089,9.710463949082456,15.431762525310019,-1.9421053466477023,0.44246065469268814,16.639766275100694,24.778627646820908,False,False,24.778627646820908,False,-17.010985569568177,-17.214598662498226,-2.3845660013403904,r,-17.214598662498226,24.778627646820908,0.20361309293004837,0.25606368323470363,0.1694472309060302
ZTF21abrqria,SLSN-I,0.2,matern32,,ztfr,,,,,,51.01804186554691,,,,,,42.515034887955764,,21.17555103558508,,72.64806433446932,False,True,72.64806433446932,True,,-21.19709094086071,,r,-21.19709094086071,,,,
ZTF21abrqrsz,SN Ib,0.0172,gibbs,,ztfr,,,,,,,,,,,,,,-0.5647516203524141,,16.705831006960935,False,True,16.705831006960935,True,,-16.474084221683494,,r,-16.474084221683494,,,,
ZTF21absyjff,SLSN-I,0.32,changepoint_1,ztfg,ztfr,139.0416752443422,166.66605669870256,42.36930083925956,43.26464958704359,96.67237440508265,123.40140711165898,105.33460245783499,126.26216416568376,32.09795518125724,32.776249687154234,73.23664727657776,93.48591447852952,4.69491606486875,6.838985101626463,105.33460245783499,126.26216416568376,False,False,105.33460245783499,False,-22.044534135262417,-21.957663018791582,-2.1440690367577133,g,-22.044534135262417,105.33460245783499,-0.08687111647083512,-0.12896767693584366,-0.13844390094034154
ZTF21abvcugy,SN Ib/c,0.02796,gibbs,ztfg,ztfr,,,,,16.986431728411272,12.484467268272864,,,,,16.52440924589602,12.144895976762582,-10.999976900406182,0.8980645356320807,16.52440924589602,21.75852679509152,True,True,21.75852679509152,True,-16.78512169075808,-17.126384891840544,-11.898041436038262,r,-17.126384891840544,,0.3412632010824659,0.7595548405327399,
ZTF21abvcuhk,SN Ib/c,0.03188,changepoint,ztfg,ztfr,,,,,6.644190986282987,10.4476464268195,,,,,6.438918271778683,10.124865708046963,-2.306943939041333,-0.9111561678911837,9.15833105309202,14.101356319464573,True,True,9.15833105309202,True,-16.844291880402928,-16.822272798167837,-1.3957877711501494,g,-16.844291880402928,,-0.02201908223509008,0.013268190490524745,-0.04854662110275498
ZTF21acbnfos,SN Ic-BL,0.02824,changepoint,ztfg,ztfr,22.357381190771648,25.397109006452098,7.374084637447728,12.021565193583005,14.983296553323921,13.375543812869093,21.74334901459936,24.699592513860672,7.171559789006193,11.691400056001521,14.57178922559317,13.00819245785915,-8.302929154670368,-0.8227791038501167,21.74334901459936,24.699592513860672,False,False,24.699592513860672,False,-16.166429893049404,-17.044901989565638,-7.480150050820251,r,-17.044901989565638,24.699592513860672,0.8784720965162336,1.1747032887688569,0.6172189775891539
ZTF21accwovq,SLSN-I,0.117,matern32,ztfg,ztfr,50.846704429056075,,38.61435455597836,40.59957668534725,12.232349873077712,,45.52077388456229,,34.569699692012854,36.34698002269226,10.951074192549429,,-0.3447451987147332,-0.38561319023335017,45.52077388456229,51.95381564496901,False,True,51.95381564496901,True,-20.166865946225624,-20.285099781912518,0.040867991518616975,r,-20.285099781912518,,0.11823383568689394,0.11830891782562247,0.11820415672482198
ZTF21acdxhuv,SN Ib,0.0151,changepoint_1,ztfg,ztfr,,31.904327437866655,,12.171163502170087,13.430623748293504,19.73316393569657,,31.42973838820477,,11.990112798906598,13.230838093087879,19.43962558929817,-0.13474835244693573,1.684383140309663,23.026269033295993,31.42973838820477,True,False,31.42973838820477,False,-16.59588691059185,-17.1522883734994,-1.8191314927565987,r,-17.1522883734994,31.42973838820477,0.556401462907548,0.5784189498502492,0.5363991189857309
ZTF21aceehxt,SN Ib,0.01309,matern32,ztfg,ztfr,,25.86259230893586,,9.106921213074411,9.98107789380722,16.755671095861448,,25.5284252227698,,8.989251905629718,9.85211372514507,16.539173317140083,0.11606278797712122,0.17396639816005433,18.85901458086968,25.5284252227698,True,False,25.5284252227698,False,-15.184114121806502,-16.285597732709086,-0.05790361018293311,r,-16.285597732709086,25.5284252227698,1.1014836109025836,1.101574498073063,1.101452435460068
ZTF21acekmmm,SN Ic-BL?,0.0638,matern32,ztfg,ztfr,21.750218207892935,26.71427106635003,9.7743689763329,9.649026776229363,11.975849231560034,17.065244290120667,20.44577759719208,25.112117941671393,9.188164106347903,9.070339139151496,11.257613490844175,16.041778802519897,0.027122168544085667,-0.375661456790203,20.44577759719208,25.112117941671393,False,False,25.112117941671393,False,-18.62199402917776,-19.069448965373688,0.4027836253342887,r,-19.069448965373688,25.112117941671393,0.44745493619592835,0.4486832949567585,0.4437253522376565
ZTF21achgfbk,SN Ib,0.036,matern32,ztfg,ztfr,26.1554472435483,40.42607013817694,8.740970642680047,15.139370774149667,17.41447660086825,25.286699364027275,25.246570698405694,39.02130322217851,8.437230350077265,14.613292253040218,16.809340348328426,24.408010969138296,-8.327227513811597,-0.05771167416307321,25.246570698405694,39.02130322217851,False,False,39.02130322217851,False,-16.664103721853856,-17.478734498756502,-8.269515839648523,r,-17.478734498756502,39.02130322217851,0.8146307769026464,0.9329938621889902,0.61832245954119
ZTF21aciuhqw,SN Ic,0.0545,gibbs,ztfg,sdssr,20.49997118527662,,8.173269274625905,,12.326701910650717,22.501138015579638,19.440465799219176,,7.750848055595927,,11.68961774362325,21.338205799506532,-9.727020589336018,-4.950475578941777,19.440465799219176,28.91496105917443,False,True,28.91496105917443,True,-18.72293272360484,-18.965566261226588,-4.776545010394241,r,-18.965566261226588,,0.24263353762174944,0.3990055570432105,0.177339521343594
ZTF21aciwixf,SN Ib,0.02,gibbs,ztfg,ztfr,,,,,,,,,,,,,-1.2486984751815289,0.6139318875839397,11.801765588404354,17.63201254903905,True,True,17.63201254903905,True,-15.660391750836062,-16.226465075896588,-1.8626303627654686,r,-16.226465075896588,,0.5660733250605254,0.6145883969117776,0.5373191231364629
ZTF21acjxzsa,SN Ic,0.041,matern32,ztfg,ztfr,,,,,,31.18326212442335,,,,,,29.955102905305814,0.3976127728638694,8.358847805038486,26.89783688765252,47.55672846275846,True,True,47.55672846275846,True,-17.38766407511824,-17.849909668329687,-7.961235032174617,r,-17.849909668329687,,0.46224559321144554,0.6149227904108159,0.3903256302968039
ZTF22aadeuwu,SLSN-I,0.14,matern32,ztfg,ztfr,,,,,45.031872938387735,61.22980964966253,,,,,39.50164292841029,53.71035934180923,0.5171152337802774,0.652906412670827,53.91637813368363,68.33498487930672,True,True,68.33498487930672,True,-20.551957322708873,-20.564819429342865,-0.1357911788905497,r,-20.564819429342865,,0.012862106633992454,0.01293783148932448,0.012804167805160915
ZTF22aadnjsh,SN Ib,0.024,changepoint_1,ztfg,ztfr,21.838899545732573,32.13471926966082,8.39282239985868,14.20387646175093,13.446077145873891,17.930842807909887,21.327050337629466,31.381561786778143,8.196115624861992,13.870973107178642,13.130934712767472,17.510588679599497,-6.415410075486301,0.1371737471982044,21.327050337629466,31.381561786778143,False,False,31.381561786778143,False,-16.029623040392163,-16.65963011598492,-6.552583822684506,r,-16.65963011598492,31.381561786778143,0.6300070755927578,0.9442139732817516,0.5063328792133817
ZTF22aadoihx,SN Ib,0.0104,changepoint,ztfg,ztfr,,,,,13.147238819364105,23.729633744190274,,,,,13.011914904358774,23.48538573257153,-2.0966776846074078,2.193416485698263,19.75837275807751,31.606025860802806,True,True,31.606025860802806,True,-14.651097275260867,-15.86628910167796,-4.290094170305671,r,-15.86628910167796,,1.2151918264170938,1.316628929825221,1.1687951115100859
ZTF22aadqlhy,SN Ib,0.00643,matern32,ztfg,ztfr,22.13593466754521,28.14592460515386,10.68003937851055,12.30020177814801,11.455895289034661,15.84572282700585,21.994509968448092,27.966102565656687,10.611805469342677,12.221616782238218,11.382704499105413,15.74448578341847,-6.284382050358619,-3.5410008155484007,21.994509968448092,27.966102565656687,False,False,27.966102565656687,False,-16.631207415669145,-17.252521527510083,-2.7433812348102187,r,-17.252521527510083,27.966102565656687,0.6213141118409382,0.6583328625707381,0.5808370063298263
ZTF22aaebkwd,SN Ib,0.03563,changepoint,ztfg,ztfr,,,,,10.91647111840256,17.515867542425894,,,,,10.540898890919111,16.913248498426942,-1.980891063611102,0.011153821939243969,20.222639991718232,24.544167766868213,True,True,24.544167766868213,True,-17.088479322134127,-17.49404457838113,-1.9920448855503459,r,-17.49404457838113,,0.40556525624700157,0.40167504076593374,0.3579542270925238
ZTF22aaezyos,SN Ib,0.033,gibbs,ztfg,ztfr,18.337771142351762,24.11745946145277,7.116646666954048,8.33902529526269,11.221124475397714,15.778434166190081,17.751956575364726,23.34700819114499,6.889299774398885,8.072628553013253,10.862656800965842,15.274379638131736,1.1713451107221644,1.8068415782802347,17.751956575364726,23.34700819114499,False,False,23.34700819114499,False,-17.580375117813528,-17.887466559783157,-0.6354964675580703,r,-17.887466559783157,23.34700819114499,0.3070914419696287,0.311785758358603,0.30357393158695345
ZTF22aagzmcz,SN Ic,0.02415,changepoint_1,sdssg,ztfr,,34.100615481721604,,11.339727682232509,15.417720042802404,22.760887799489097,,33.29650488866046,,11.072330891209793,15.054162029783143,22.224173997450666,-8.574757670177977,-4.499723113093028,16.4237484479554,33.29650488866046,True,False,33.29650488866046,False,-15.914335790572252,-16.770206612301756,-4.075034557084949,r,-16.770206612301756,33.29650488866046,0.8558708217295035,0.9460143571889041,0.7990985742793839
ZTF22aahxaiv,SN Ic-BL,0.07226,gibbs,ztfg,ztfr,26.248676659689266,32.42707679186117,8.543544906117093,11.81970185850391,17.705131753572175,20.60737493335726,24.47976858195705,30.24180403247456,7.967792238931876,11.023167756424664,16.511976343025175,19.218636276049896,-3.2713308412036124,0.6438328330530858,24.47976858195705,30.24180403247456,False,False,30.24180403247456,False,-18.583517849549523,-18.915483888146895,-3.915163674256698,r,-18.915483888146895,30.24180403247456,0.33196603859737195,0.4747919779529646,0.2507709191671985
ZTF22aajakms,SN Ib/c,0.0335,changepoint_1,ztfg,ztfr,14.178399350074454,24.280547694721868,5.973691819815796,6.841559191376556,8.204707530258657,17.438988503345314,13.718818916375861,23.493514944094695,5.780059815980451,6.619796024553996,7.93875910039541,16.8737189195407,-4.838348118480241,-4.031087513318159,13.718818916375861,23.493514944094695,False,False,23.493514944094695,False,-17.17024825427039,-17.193309609754916,-0.8072606051620816,r,-17.193309609754916,23.493514944094695,0.023061355484525592,0.03535309120490027,0.013453558221304007
ZTF22aakpyqw,SN Ib,0.02968,matern32,ztfg,ztfr,25.714901652044592,35.280146817930685,11.463805538396894,12.758720014808324,14.251096113647698,22.52142680312236,24.973682748081533,34.26321460835472,11.133367199903752,12.390956428024555,13.840315548177783,21.872258180330164,-0.6392501988586954,1.5577828371224118,24.973682748081533,34.26321460835472,False,False,34.26321460835472,False,-17.34250215112096,-17.556824457205398,-2.197033035981107,r,-17.556824457205398,34.26321460835472,0.21432230608443703,0.2308834702996556,0.2011143251714138
ZTF22aakyeps,SLSN-I,0.0949,gibbs,ztfg,ztfr,22.534822782043257,34.7166930991396,6.3799224968902575,6.092832115462128,16.154900285152998,28.62386098367747,20.58162643350375,31.707638231016166,5.826945380299806,5.5647384377222835,14.754681053203944,26.142899793293882,2.2216058902108404,1.9690924296409484,20.58162643350375,31.707638231016166,False,False,20.58162643350375,False,-20.522472552765645,-20.210237590247747,0.252513460569892,g,-20.522472552765645,20.58162643350375,-0.3122349625178984,-0.31134776846047885,-0.31317481854415874
ZTF22aalfmec,SN Ic,0.02459,matern32,,ztfr,,,,,,15.299473492211241,,,,,,14.932288517564336,,0.6392086676020021,,25.353277466859314,False,True,25.353277466859314,True,,-16.57787438414866,,r,-16.57787438414866,,,,
ZTF22aaolhhl,SN Ib,0.03043,gibbs,ztfg,ztfr,,26.933329555222084,,10.504056890794185,9.835134708462135,16.4292726644279,,26.13795168543432,,10.193857798001014,9.544689797911683,15.944093887433304,-3.065994751629181,-0.42200634431647366,16.163275289813793,26.13795168543432,True,False,26.13795168543432,False,-17.144909578603894,-17.4574866310979,-2.6439884073127073,r,-17.4574866310979,26.13795168543432,0.3125770524940066,0.3821236542680744,0.266709382757206
ZTF22aaoolua,SN Ic,0.01808,matern32,ztfg,,,,,,10.267264566058357,,,,,,10.084929048855056,,-8.640980173366609,,11.333020580636445,,True,False,11.333020580636445,True,-15.600959189797315,,,g,-15.600959189797315,,,,
ZTF22aarbard,SN Ib,0.035,matern32,ztfg,ztfr,18.94303452195692,30.39771515431392,10.251606387015272,11.245612281645661,8.69142813494165,19.15210287266826,18.30244881348495,29.36977309595548,9.904933707261133,10.865325875986146,8.397515106223816,18.504447219969332,-1.8580381317267296,0.033520758920035476,18.30244881348495,29.36977309595548,False,False,29.36977309595548,False,-17.221523722812442,-17.60641484151719,-1.891558890646765,r,-17.60641484151719,29.36977309595548,0.384891118704747,0.42507652857294786,0.3164057598963481
ZTF22aarqrxf,SLSN-I,0.26,gibbs,ztfg,ztfr,71.83137449071953,93.93638447448359,34.156759956450365,34.91631344308059,37.67461453426916,59.020071031403006,57.009027373586925,74.55268609085999,27.10853964797648,27.711359875460786,29.900487725610443,46.841326215399214,-1.3089414715498933,-0.36582712583586385,57.009027373586925,74.55268609085999,False,False,74.55268609085999,False,-21.653153585424878,-21.762626099215403,-0.9431143457140294,r,-21.762626099215403,74.55268609085999,0.10947251379052503,0.11049545215763956,0.10837662472248866
ZTF22aarwwyy,SN Ic-BL,0.0472,matern32,ztfg,ztfr,11.02546895754485,20.679160864997385,4.356651080250412,9.859255428429792,6.668817877294439,10.819905436567595,10.528522686731142,19.74709784663616,4.160285599933549,9.414873403771766,6.368237086797593,10.332224442864396,-2.7584700502777997,3.347637778257999,10.528522686731142,19.74709784663616,False,False,19.74709784663616,False,-18.05840094519562,-18.394628251943455,-6.106107828535799,r,-18.394628251943455,19.74709784663616,0.33622730674783696,1.0308100461908118,0.20801977132991567
ZTF22aasxgjp,SN Ic,0.01132,gibbs,sdssg,sdssr,,24.867380853170467,,12.289094612433118,12.017545658445735,12.57828624073735,,24.589032999614826,,12.151539188815724,11.883029761545046,12.437493810799104,-2.3367123293248717,1.899101181792748,21.349250908630125,24.589032999614826,True,False,24.589032999614826,False,-16.840323271750112,-17.153128409879322,-4.23581351111762,r,-17.153128409879322,24.589032999614826,0.3128051381292103,0.4164781432274651,0.2439337020525265
ZTF22aatunnt,SN Ib,0.04,changepoint_1,ztfg,ztfr,,39.9131993655958,,19.864659890541454,17.3206399686352,20.04853947505435,,38.37807631307288,,19.10063451013601,16.654461508303076,19.277441802936874,-9.859326989190556,0.011565094629911954,24.394670749391004,38.37807631307288,True,False,38.37807631307288,False,-17.272542393919654,-17.571485785883308,-9.870892083820468,r,-17.571485785883308,38.37807631307288,0.29894339196365394,0.4599819359422135,0.24455877158732164
ZTF22aazuotw,SN Ib,0.03355,changepoint,ztfg,ztfr,,,,,15.788928049527177,,,,,,15.276404672756208,,-8.456655099951643,-1.644186238479172,16.701804121347987,32.87587992870738,True,True,32.87587992870738,True,-16.78569366551778,-17.19971337604551,-6.812468861472471,r,-17.19971337604551,,0.4140197105277288,0.43651337638235077,0.352737838113125
ZTF22abbdxho,SN Ic,0.0365,matern32,ztfg,ztfr,,,,6.041249600066322,,,,,,5.828509020806871,,,-6.995821369792559,-5.796640937305242,13.528255668046016,17.192750928318496,True,True,17.192750928318496,True,-16.586115834437837,-17.148891677312776,-1.1991804324873163,r,-17.148891677312776,,0.5627758428749381,0.6045078798722407,0.5398858477330748
ZTF22abbtqnp,SN Ic,0.0169,matern32,ztfg,ztfr,,,,,15.524849402685316,20.462874953150987,,,,,15.266839809898041,20.122799639247702,-10.082215230419287,0.8563050269845025,19.015929267780532,34.7313975613699,True,True,34.7313975613699,True,-17.203399317149984,-17.59448734253183,-10.93852025740379,r,-17.59448734253183,,0.3910880253818476,0.8524150863984659,0.1882199101906501
ZTF22abcvfgs,SLSN-I,0.1,changepoint,ztfg,ztfr,13.523048844753895,16.308532452742316,4.956819269808915,4.791840605974783,8.56622957494498,11.516691846767534,12.293680767958085,14.825938593402105,4.506199336189923,4.356218732704348,7.787481431768163,10.469719860697758,-2.078686182580057,-2.09886226329413,12.293680767958085,14.825938593402105,False,False,12.293680767958085,False,-21.003476289231113,-20.712848186067415,0.020176080714072953,g,-21.003476289231113,12.293680767958085,-0.2906281031636979,-0.2906363513670591,-0.29063144863334855
ZTF22abfuwel,SN Ib,0.025,gibbs,ztfg,ztfr,,,,,11.479954580612743,18.465831271868765,,,,,11.199955688402676,18.015445143286602,-2.9391818963796776,0.9908534619855187,20.174003692151015,25.754940911056842,True,True,25.754940911056842,True,-16.94482222826047,-17.14216973196798,-3.9300353583651964,r,-17.14216973196798,,0.1973475037075083,0.33906984214422664,0.14196873738811178
ZTF22abfyqsc,SN Ib,0.043,matern32,ztfg,ztfr,21.536559941409067,,6.827265953240273,,14.709293988168794,20.10886353982669,20.648667249673125,,6.545796695340627,,14.102870554332497,19.279830814790692,-5.827957526528616,-0.9660119240662794,20.648667249673125,29.667816793629957,False,True,29.667816793629957,True,-17.64527174512854,-17.91461251860102,-4.861945602462336,r,-17.91461251860102,,0.2693407734724822,0.41207126031995855,0.1152789716065854
ZTF22abivebe,SN Ic-BL,0.0445,matern32,ztfg,ztfr,16.66894582960639,20.496639937372535,4.930204553503265,9.778460086469998,11.738741276103125,10.718179850902535,15.958780114510665,19.623398695426076,4.720157542846592,9.361857430799423,11.238622571664074,10.261541264626649,-4.689247430590824,1.4435815983004634,15.958780114510665,19.623398695426076,False,False,19.623398695426076,False,-17.727862668668894,-18.159605109327387,-6.132829028891288,r,-18.159605109327387,19.623398695426076,0.43174244065849265,0.5522640339186751,0.19905391853261634
ZTF22abjafpr,SN Ic-BL,0.05,changepoint_1,ztfg,ztfr,16.25971530785954,25.673534934968604,7.525576487978383,7.403268929479999,8.734138819881156,18.270266005488605,15.48544315034242,24.45098565235105,7.167215702836555,7.050732313790475,8.318227447505864,17.400253338560574,-0.17662311638836847,0.6346683564030755,15.48544315034242,24.45098565235105,False,False,24.45098565235105,False,-18.084311736217824,-18.47462317145329,-0.811291472791444,r,-18.47462317145329,24.45098565235105,0.3903114352354642,0.4136118835479259,0.3751146544227417
ZTF22abkabeh,SN Ib,0.028,gibbs,ztfg,ztfr,,26.209693963919065,7.5206304052023825,12.937872560820644,,13.271821403098423,,25.495811248948506,7.315788331908932,12.585479144767163,,12.910332104181345,-6.870094476110456,-0.9483605837083715,20.80116272520128,25.495811248948506,True,False,25.495811248948506,False,-15.922230264343895,-16.85587392749802,-5.921733892402084,r,-16.85587392749802,25.495811248948506,0.9336436631541254,1.022061929549512,0.8082750610317646
ZTF22abkbmob,SLSN-I,0.31025,matern32,ztfg,ztfr,86.80517894950196,102.95988216091413,34.67873013866513,50.227063623933134,52.126448810836834,52.73281853698099,66.25085208891583,78.5803336469484,26.467262078736983,38.333954301799764,39.78359001017885,40.24637934514863,-4.8920858106417455,9.56005830765669,66.25085208891583,78.5803336469484,False,False,66.25085208891583,False,-22.189706267257943,-22.14706828988767,-14.452144118298435,g,-22.189706267257943,66.25085208891583,-0.04263797737027275,-0.009032983225026214,-0.057791518920499385
ZTF22abllclb,SN Ic,0.02117,gibbs,ztfg,ztfr,9.374260563111815,23.53387854817948,4.498868716220781,5.295055375108457,4.875391846891034,18.238823173071022,9.17992162236632,23.045994837470236,4.405602119354056,5.185282935366743,4.774319503012265,17.860711902103493,-1.9669000909637182,-1.5184236966050682,9.17992162236632,23.045994837470236,False,False,23.045994837470236,False,-16.452996163799295,-16.481411516511102,-0.44847639435865005,r,-16.481411516511102,23.045994837470236,0.028415352711807174,0.03689733645828497,0.02246860870834766
ZTF22abmonux,SN Ic,0.046,matern32,ztfg,ztfr,28.450994250932144,,14.661370421732313,,13.789623829199831,18.58275453865931,27.19980329917031,,14.016606521732612,,13.183196777437697,17.765539711911384,0.30589069209465336,0.8093687610699796,27.19980329917031,30.983242064782303,False,True,30.983242064782303,True,-17.503302051073007,-18.368869135018574,-0.5034780689753262,r,-18.368869135018574,,0.8655670839455674,0.8719465477762967,0.8620513378706569
ZTF22abnpsou,SN Ic-BL,0.028,changepoint_1,ztfg,ztfr,109.68554477876475,183.85936785130332,36.39198852444064,95.27944459365479,73.29355625432412,88.57992325764852,106.69800075755326,178.8515251471822,35.40076704712125,92.6842846241778,71.29723371043202,86.1672405230044,-3.594576041118316,-3.4999129286955224,106.69800075755326,178.8515251471822,False,False,178.8515251471822,False,-15.961688117827919,-16.52913468572193,-0.09466311242279346,r,-16.52913468572193,178.8515251471822,0.567446567894013,0.5674481323777769,0.5674135232124371
ZTF22absibqa,SN Ib,0.01441,matern32,ztfg,ztfr,,27.810399591035438,,11.56569151064193,,16.244708080393508,,27.415344477120136,,11.401397374475733,,16.0139471026444,-0.5308702309043678,-0.3763707087416215,17.74959868290135,27.415344477120136,True,False,27.415344477120136,False,-15.298993619985765,-16.245343379045927,-0.15449952216274632,r,-16.245343379045927,27.415344477120136,0.9463497590601619,0.9488667311725685,0.945048011512192
ZTF22absphuu,SN Ib,0.0425,matern32,ztfg,ztfr,,,,,13.664449138386848,22.648563238573573,,,,,13.107385264639662,21.725240516617337,-3.431450087020645,-0.12360658890927745,22.26018201578026,32.12163880095017,True,True,32.12163880095017,True,-17.614520054452836,-17.887830977942798,-3.3078434981113674,r,-17.887830977942798,,0.2733109234899622,0.38011864539272366,0.23221709504949928
ZTF22abvcnnl,SLSN-I,0.13,matern32,ztfg,ztfr,54.18964868871126,55.809876027839636,23.971496837743857,21.49836062354387,30.218151850967402,34.31151540429577,47.955441317443594,49.38927082109703,21.21371401570253,19.02509789694148,26.741727301741065,30.36417292415555,-1.0099557491602695,-0.30966613752061534,47.955441317443594,49.38927082109703,False,False,49.38927082109703,False,-20.570763182713225,-20.67425788779617,-0.7002896116396542,r,-20.67425788779617,49.38927082109703,0.10349470508294445,0.11539835411643296,0.09487309317304238
ZTF22abwtqeb,SN Ic,0.0252,changepoint_1,ztfg,,,,,,10.838347664777476,,,,,,10.571934905167263,,-5.012615699786693,,10.571934905167263,,True,False,10.571934905167263,True,-17.803846420164284,,,g,-17.803846420164284,,,,
ZTF23aaahtnj,SN Ib,0.02321,matern32,ztfg,ztfr,,,,,21.92326870626475,27.65477800733298,,,,,21.425971898500553,27.027470418910077,-11.322144475026851,-2.038190805250961,23.023903725899757,37.7199045182266,True,True,37.7199045182266,True,-17.212265521351004,-17.68985553157898,-9.28395366977589,r,-17.68985553157898,,0.47759001022797776,0.5853319522452196,0.32257994342035445
ZTF23aaazffe,SN Ic,0.04,gibbs,ztfg,ztfr,23.29943085043982,36.450592123635374,10.653758686420975,13.6667310359903,12.645672164018846,22.78386108764508,22.40329889465367,35.04864627272632,10.243998736943245,13.141087534606056,12.159300157710428,21.90755873812027,-3.222081155321696,0.20251356029049994,22.40329889465367,35.04864627272632,False,False,35.04864627272632,False,-17.635443266210203,-18.051579586261546,-3.424594715612196,r,-18.051579586261546,35.04864627272632,0.4161363200513435,0.4777187155778577,0.3764396141278823
ZTF23aaccacy,SLSN-I,0.24,gibbs,,ztfr,,134.10367740044887,,46.569793654661225,,87.53388374578766,,108.14812693584587,,37.55628520537196,,70.59184173047392,,-18.964250139210378,,108.14812693584587,False,False,108.14812693584587,False,,-22.190158486035486,,r,-22.190158486035486,108.14812693584587,,,
ZTF23aadaxfn,SN Ic,0.0023,gibbs,ztfg,ztfr,21.43873840288118,24.17117363372136,13.236992872439998,11.469573348466126,8.201745530441183,12.701600285255234,21.389542455234142,24.11570750645651,13.206617651840766,11.443253864577597,8.182924803393378,12.672453641878912,-0.13364342927602024,-1.349453656226041,21.389542455234142,24.11570750645651,False,False,24.11570750645651,False,-11.080508292363017,-13.160701656471975,1.2158102269500208,r,-13.160701656471975,24.11570750645651,2.0801933641089576,2.088285662951037,2.074648743534482
ZTF23aadtrzd,SN Ib,0.0692,matern32,ztfg,ztfr,,,,,22.725821534899808,22.027474567206298,,,,,21.254977118312578,20.60182806510129,-6.23679664240942,8.118181201015862,28.56941703377711,41.3101528883299,True,True,41.3101528883299,True,-18.822011582772063,-18.969300487285714,-14.354977843425281,r,-18.969300487285714,,0.14728890451365118,0.4297604427720749,0.03997453767717829
ZTF23aaecgwh,SN Ic,0.0415,gibbs,,ztfr,,,,,,25.299335928932784,,,,,,24.29124909163013,,-2.0146693672869294,,32.8969800880856,False,True,32.8969800880856,True,,-17.654140237344368,,r,-17.654140237344368,,,,
ZTF23aaemnzd,SN Ic,0.037,gibbs,ztfg,ztfr,,,,,,26.368152923031282,,,,,,25.427341295112136,-11.09983569665953,-2.0066133131963273,15.417581870469375,36.988553432660105,True,True,36.988553432660105,True,-17.152256685984753,-17.475650794243172,-9.093222383463203,r,-17.475650794243172,,0.3233941082584195,0.5797996477985059,0.10059471984066448
ZTF23aafwykt,SN Ic,0.02817,changepoint_1,ztfg,ztfr,18.011243882106776,,6.368704685015713,,11.642539197091063,17.23719358347961,17.51776834775064,,6.19421368549531,,11.32355466225533,16.764925628524086,-4.950192264612875,0.7717938539471891,17.51776834775064,26.280696808482023,False,True,26.280696808482023,True,-17.08382744355538,-17.47196531063806,-5.721986118560064,r,-17.47196531063806,,0.38813786708267983,0.6544642206948552,0.22502716835613157
ZTF23aahnmag,SN Ic,0.0387,matern32,ztfg,ztfr,,110.04127250461642,,29.892122303244385,37.58380625142748,80.14915020137204,,105.94134254800849,,28.778398289442944,36.18350462253537,77.16294425856556,-16.42755813478516,-15.501270124969452,71.36566989149654,105.94134254800849,True,False,105.94134254800849,False,-16.505855236180324,-17.53085939707934,-0.9262880098157069,r,-17.53085939707934,105.94134254800849,1.025004160899016,1.030307757601502,1.0226196737115458
ZTF23aajakys,SN Ic,0.0328,gibbs,ztfg,ztfr,,21.93937385335517,,7.070812308794878,7.43616449723383,14.868561544560295,,21.24261604701314,,6.846255140196435,7.2000043544092085,14.396360906816708,-3.8672398406874793,-2.7623345069237804,12.13461304843336,21.24261604701314,True,False,21.24261604701314,False,-16.91144539617876,-17.129986852898266,-1.104905333763699,r,-17.129986852898266,21.24261604701314,0.21854145671950675,0.2480300198511145,0.20100708268550704
ZTF23aakstht,SN Ic,0.0495,matern32,ztfg,ztfr,,56.59066168248729,,16.998125115301733,18.593936714530336,39.592536567185554,,53.92154519531899,,16.196403158934473,17.716947798504368,37.72514203638452,-11.754802065488908,-2.855182345249787,32.199098665275514,53.92154519531899,True,False,53.92154519531899,False,-17.947642205111677,-18.43580358047453,-8.899619720239121,r,-18.43580358047453,53.92154519531899,0.48816137536285353,0.7481324124234128,0.35591896982906945
ZTF23aamzljd,SN Ic,0.03496,matern32,ztfg,ztfr,,,,,10.191459571645176,,,,,,9.847201410339698,,-8.47919750592395,-3.2581981950943995,12.366402533029516,19.193307567491505,True,True,19.193307567491505,True,-16.808591710767065,-17.226740447745293,-5.220999310829551,r,-17.226740447745293,,0.4181487369782282,0.5717264075259223,0.20160972720493575
ZTF23aandvzg,SN Ib/c,0.043,changepoint,ztfg,ztfr,20.72913979449951,31.186481751930923,9.027835551267557,12.684646385189186,11.701304243231954,18.501835366741737,19.874534798177862,29.900749522464935,8.655642906296796,12.161693562022231,11.21889189188107,17.739055960442702,-4.804019508756401,0.03650532136291673,19.874534798177862,29.900749522464935,False,False,29.900749522464935,False,-17.840228819621238,-17.913318623728287,-4.840524830119318,r,-17.913318623728287,29.900749522464935,0.0730898041070489,0.21257385845524723,-0.0163581593563471
ZTF23aanqoyo,SN Ib,0.0218,changepoint_1,ztfg,ztfr,,47.4779818295079,,18.63313416419307,15.944839697909153,28.844847665314823,,46.46504387307486,,18.235598125066616,15.60465815023405,28.229445748008242,-4.470100861954949,5.3135325579858375,24.8240960422672,46.46504387307486,True,False,46.46504387307486,False,-16.814971478988358,-17.022323919064807,-9.783633419940786,r,-17.022323919064807,46.46504387307486,0.20735244007644837,0.5476573884096432,0.13977506469998957
ZTF23aapbrrq,SN Ib,0.015,matern32,ztfg,ztfr,26.180882167405876,44.50197870673102,8.975521318008681,10.070569305955914,17.205360849397195,34.43140940077511,25.793972578725004,43.844313996779334,8.842878145821361,9.921743158577256,16.95109443290364,33.922570838202084,-12.030603007540869,-10.412759940422049,25.793972578725004,43.844313996779334,False,False,43.844313996779334,False,-17.009281119033453,-17.136942755286753,-1.6178430671188195,r,-17.136942755286753,43.844313996779334,0.12766163625330051,0.14297975318313405,0.11617453814794843
ZTF23aaqekiu,SN Ic-BL,0.064,matern32,ztfg,ztfr,20.539713449213725,25.790720248656083,9.584053283702602,11.114397331375415,10.955660165511123,14.676322917280668,19.304241963546733,24.239398729939925,9.00756887566034,10.44586215354832,10.296673087886393,13.793536576391604,-2.6767293436337667,1.308945796176186,19.304241963546733,24.239398729939925,False,False,24.239398729939925,False,-18.821505826902058,-19.16783087016882,-3.9856751398099526,r,-19.16783087016882,24.239398729939925,0.34632504326676283,0.49676218763834257,0.3025663857572063
ZTF23aaspcfl,SN Ib,0.03,matern32,ztfg,ztfr,29.380162310966146,41.782622985149715,13.581771011483896,14.816289788887286,15.79839129948225,26.966333196262433,28.52442942812247,40.5656533836405,13.186185448042618,14.384747367851734,15.338243980079854,26.180906015788768,-5.673772456896179,-0.43551750353986307,28.52442942812247,40.5656533836405,False,False,40.5656533836405,False,-16.662599283358173,-17.209751733543722,-5.238254953356316,r,-17.209751733543722,40.5656533836405,0.5471524501855498,0.6691928611474971,0.4592809165131513
ZTF23aawtmcf,SN Ic,0.0294,gibbs,ztfg,ztfr,20.397000997076123,25.18475040825099,8.462688722916317,11.153512610407484,11.934312274159806,14.031237797843508,19.814455990942413,24.46546571619486,8.220991570736658,10.834964649706123,11.593464420205756,13.630501066488737,-3.268836903476954,0.8905785378250286,19.814455990942413,24.46546571619486,False,False,24.46546571619486,False,-16.781723133421576,-17.359178641742353,-4.159415441301983,r,-17.359178641742353,24.46546571619486,0.577455508320778,0.6535465289989268,0.4984186628226084
ZTF23aaxuvkn,SN Ib,0.027,matern32,ztfg,ztfr,21.178867368807335,29.75995858179805,7.409232054230628,8.93026284549185,13.769635314576707,20.8296957363062,20.622071439929247,28.977564344496642,7.214442117069746,8.695484757051462,13.407629322859501,20.282079587445182,3.5555484996911915,3.569965666538536,20.622071439929247,28.977564344496642,False,False,28.977564344496642,False,-17.829525487414017,-18.121204652288647,-0.014417166847344731,r,-18.121204652288647,28.977564344496642,0.29167916487462975,0.2916851677974819,0.2916756675731236
ZTF23aazodoj,SLSN-I,0.161,matern32,ztfg,ztfr,,,,,24.083739951035685,31.49472250951874,,,,,20.743962059462262,27.127237303633713,-2.514558674595232,-2.8001098713910713,25.46232754222771,33.29290408109794,True,True,33.29290408109794,True,-20.789915063590968,-20.81751264092636,0.28555119679583907,r,-20.81751264092636,,0.02759757733539203,0.02790917209762256,0.027285032107513985
ZTF23aazuzip,SN Ib,0.03392,matern32,ztfg,ztfr,15.209694280474253,,6.225123507181489,,8.984570773292763,,14.710707095785219,,6.02089475702326,,8.689812338761957,,-6.218214420109919,-3.317304183591034,14.710707095785219,23.1258489051877,False,True,23.1258489051877,True,-17.094605443255226,-17.437577374075776,-2.900910236518885,r,-17.437577374075776,,0.3429719308205499,0.4337655504751119,0.3149683385253148
ZTF23abadhsw,SN Ic-BL,0.04,changepoint_1,ztfg,ztfr,18.006812377013073,26.443797780091558,5.805356970699242,11.360700945838428,12.201455406313832,15.083096834253132,17.314242670204877,25.42672863470342,5.582074010287732,10.923750909460026,11.732168659917145,14.502977725243396,-6.468835516388074,-0.23617520603610132,17.314242670204877,25.42672863470342,False,False,25.42672863470342,False,-18.6151192588412,-18.83548759170493,-6.232660310351973,r,-18.83548759170493,25.42672863470342,0.22036833286372826,0.4901397638009435,0.11771162497998588
ZTF23abaxlrz,SN Ic,0.01519,changepoint,ztfg,ztfr,23.528939057323512,40.73724812739172,7.957966351872509,13.50442383522656,15.570972705451004,27.232824292165162,23.176882216455553,40.1277082392377,7.838893558715618,13.302360972060955,15.337988657739933,26.825347267176745,-6.542921480996204,1.2866912706532503,23.176882216455553,40.1277082392377,False,False,40.1277082392377,False,-16.651773827627174,-17.20232892439505,-7.829612751649455,r,-17.20232892439505,40.1277082392377,0.5505550967678765,0.7382531314142646,0.3173043662581989
ZTF23abbpswf,SN Ib,0.01764,changepoint_1,ztfg,ztfr,12.716734150651845,19.719235125222752,5.3572298992950165,6.5024837681773775,7.35950425135683,13.216751357045373,12.496299428729063,19.377417480860373,5.264366474681632,6.389768256139083,7.231932954047433,12.987649224721288,-4.325868122254021,-2.882365008463907,12.496299428729063,19.377417480860373,False,False,19.377417480860373,False,-16.51853700819019,-16.74350336720303,-1.443503113790114,r,-16.74350336720303,19.377417480860373,0.22496635901283923,0.28823046357421234,0.19267604654635662
ZTF23abcglga,SN Ic,0.01539,changepoint_1,ztfg,ztfr,20.81220300929934,30.87786623977256,9.562753047139237,12.618703057794322,11.249449962160103,18.259163181978238,20.496757905139244,30.40985851719296,9.417812906508077,12.427444684105932,11.078944998631169,17.98241383308703,-2.433087135314066,-0.8626587739102032,20.496757905139244,30.40985851719296,False,False,30.40985851719296,False,-15.97959004571306,-16.648024877870345,-1.570428361403863,r,-16.648024877870345,30.40985851719296,0.6684348321572848,0.7042019837150875,0.6533518441723594
ZTF23abfmlft,SN Ib,0.03159,changepoint,ztfg,ztfr,20.708923811217787,27.749608204286403,10.456103725514227,12.365658658640053,10.252820085703558,15.383949545646349,20.07476207719907,26.899842189519482,10.135910318551195,11.986989655425171,9.938851758647871,14.91285253409431,-1.7639048513744378,-0.051759537392801036,20.07476207719907,26.899842189519482,False,False,26.899842189519482,False,-16.573131284934398,-16.877676909471415,-1.7121453139816367,r,-16.877676909471415,26.899842189519482,0.30454562453701683,0.3254086112035317,0.29082040547212173
ZTF23abjhbcr,SLSN-I,0.167,changepoint_1,ztfg,ztfr,15.635704107045154,21.551842996440513,4.144045037572289,5.142936126545115,11.491659069472865,16.4089068698954,13.398204033457715,18.467731787866764,3.5510240253404355,4.4069718308012975,9.84718000811728,14.060759957065466,1.0220400028188372,2.1668088865264217,13.398204033457715,18.467731787866764,False,False,13.398204033457715,False,-21.23938631375433,-21.094891133303502,-1.1447688837075845,g,-21.23938631375433,13.398204033457715,-0.14449518045082854,-0.1067874931207804,-0.16386667746481365
ZTF23abjrolk,SN Ic,0.02517,gibbs,ztfg,ztfr,,,,,9.709649549313893,11.145826268680656,,,,,9.47125798581103,10.872173657715946,-6.328943904200945,0.18004368384106506,12.106536130976563,19.813638570018092,True,True,19.813638570018092,True,-16.61561259966102,-17.301041161997823,-6.50898758804201,r,-17.301041161997823,,0.6854285623368028,1.1244628041643665,0.2807975497893338
ZTF23abjzkmx,SN Ib,0.01759,gibbs,ztfg,ztfr,20.617140867675502,27.570270236324856,6.709865399541779,8.721162595579596,13.907275468133722,18.84910764074526,20.260754201275073,27.093692190690607,6.5938790667575145,8.570409099519056,13.666875134517559,18.523283091171553,-1.6041834118887275,1.0450091984370768,20.260754201275073,27.093692190690607,False,False,27.093692190690607,False,-15.381255650065526,-15.956044450166608,-2.6491926103258043,r,-15.956044450166608,27.093692190690607,0.5747888001010821,0.6489999647361842,0.5296338557696316
ZTF23abnpoqp,SN Ib,0.03545,matern32,ztfg,ztfr,,,,,7.816971702047189,,,,,,7.54934733888376,,0.0022423375419351466,0.10155628380221682,10.407021236655936,14.471398619100688,True,True,14.471398619100688,True,-16.825119048343723,-17.13612175054576,-0.09931394626028167,r,-17.13612175054576,,0.31100270220203896,0.3113876848882313,0.3109382089228738
ZTF23abochfb,SN Ic-BL,0.1229,gibbs,ztfg,ztfr,31.31720095903174,38.7104922199337,9.901734943651611,11.749603215439151,21.41546601538013,26.960889004494547,27.88957249891508,34.47367728197854,8.818002443362376,10.46362384490084,19.0715700555527,24.010053437077698,1.0590621821299067,4.744926656317061,27.88957249891508,34.47367728197854,False,False,27.88957249891508,False,-20.289344673795235,-20.194472929782567,-3.685864474187154,g,-20.289344673795235,27.88957249891508,-0.09487174401266785,-0.03829878137277021,-0.130834909260944
ZTF23abomtjc,SN Ic,0.01641,changepoint_1,ztfg,ztfr,20.127982131363346,24.613656135398003,8.816166561391334,9.939217983586214,11.311815569972014,14.674438151811787,19.803014660779947,24.216267190797023,8.673829027057323,9.77874871713798,11.129185633722624,14.437518473659042,2.739578748462659,4.340564648239683,19.803014660779947,24.216267190797023,False,False,24.216267190797023,False,-16.556462255098566,-17.023139187795977,-1.600985899777024,r,-17.023139187795977,24.216267190797023,0.4666769326974105,0.4864321172178414,0.4518654944369196
ZTF23abovaur,SN Ib,0.02397,matern32,ztfg,ztfr,25.702017784694586,,9.449535269834811,,16.252482514859775,22.690449586663647,25.10036210503685,,9.228332148241464,,15.872029956795389,22.159291372465646,1.3412589481591013,2.059320993020547,25.10036210503685,30.037672665889435,False,True,30.037672665889435,True,-17.398958263190686,-17.697257513909456,-0.7180620448614459,r,-17.697257513909456,,0.2982992507187703,0.302250587132022,0.2947748673477193
ZTF23abvokyz,SLSN-I,0.0888,matern32,ztfg,ztfr,,72.88587539969292,23.71819397407227,23.498411606688993,,49.38746379300393,,66.94147263013677,21.783793142976002,21.581935715180926,,45.359536914955854,9.145975986137344,9.87372939910189,48.168479599489444,66.94147263013677,True,False,48.168479599489444,True,-20.34365221705457,-20.289656476491537,-0.727753412964546,g,-20.34365221705457,,-0.0539957405630318,-0.05275614097705272,-0.055369574692214485
ZTF24aaabybk,SN Ic,0.0336,matern32,,ztfr,,,,,,12.148040237157014,,,,,,11.753134904370174,,-2.4263197022896463,,16.278277316923205,False,True,16.278277316923205,True,,-18.024816890404317,,r,-18.024816890404317,,,,
ZTF24aabuaij,SN Ic-BL,0.048,matern32,,,,,,,,,,,,,,,,,,,False,False,,False,,,,,,,,,
ZTF24aacjcwl,SN Ic,0.02675,matern32,,ztfr,,21.768682628817885,,13.08448089048716,,8.684201738330726,,21.201541396462513,,12.743589861687031,,8.457951534775482,,0.4399948442432162,,21.201541396462513,False,False,21.201541396462513,False,,-16.77407146030462,,r,-16.77407146030462,21.201541396462513,,,
ZTF24aacrbua,SLSN-I,0.08612,gibbs,ztfg,ztfr,97.83894646890583,123.94717925985813,33.42545366576667,43.93806533220533,64.41349280313916,80.0091139276528,90.08115720998217,114.11923107930812,30.77510189092059,40.4541536222566,59.306055319061585,73.66507745705152,-10.42209470419958,-0.6505628337528861,90.08115720998217,114.11923107930812,False,False,114.11923107930812,False,-20.80399492703485,-20.824639830235114,-9.771531870446694,r,-20.824639830235114,114.11923107930812,0.020644903200263798,0.04721348531937153,-0.006551403019621205
ZTF24aadfmaf,SLSN-I,0.0673,matern32,ztfg,ztfr,68.70396965460301,79.54278377624357,31.010360334413505,43.95873012926584,37.69360932018951,35.58405364697772,64.3717508241385,74.52710931907015,29.054961430163505,41.18685480114854,35.31678939397499,33.3402545179216,-26.211133816437176,-9.291121897021881,64.3717508241385,74.52710931907015,False,False,74.52710931907015,False,-19.60411149332452,-19.83503436410527,-16.920011919415295,r,-19.83503436410527,74.52710931907015,0.23092287078074847,0.2713332449284529,0.156676577270094
ZTF24aaeczdw,SN Ib,0.02967,gibbs,ztfg,ztfr,19.766867666537628,35.60095212176475,7.612646498253712,9.409527945648476,12.154221168283915,26.19142417611627,19.19728424304644,34.57510864817344,7.393287653572223,9.138391859186415,11.803996589474213,25.436716788987024,-4.608519643359026,-1.878920645702289,19.19728424304644,34.57510864817344,False,False,34.57510864817344,False,-17.277574490449425,-17.60130294199426,-2.729598997656737,r,-17.60130294199426,34.57510864817344,0.32372845154483443,0.38439197140337455,0.28221868304088815
ZTF24aagfeti,SLSN-I,0.05434,gibbs,ztfg,ztfr,83.1403896079786,85.51085905293881,53.48718413734402,41.23505917041755,29.653205470634582,44.27579988252126,78.8553878331265,81.10368481982928,50.730489346267824,39.10983095625467,28.12489848685868,41.993853863574614,2.7362962107266355,3.543940146342564,78.8553878331265,81.10368481982928,False,False,81.10368481982928,False,-19.812217490266416,-19.88543433239147,-0.8076439356159284,r,-19.88543433239147,81.10368481982928,0.07321684212505275,0.07397103706721353,0.07257722805607614
ZTF24aagkjca,SN Ic,0.01989,matern32,,,,,,,,,,,,,,,,,,,False,False,,False,,,,,,,,,
ZTF24aagterj,SLSN-I,0.142,matern32,ztfg,ztfr,39.267148402730555,,20.83231052754696,22.13535852907795,18.4348378751836,,34.38454325983412,,18.241953176485953,19.382975944901887,16.142590083348164,,-1.228776971775325,1.329703214928685,34.38454325983412,40.99919309478325,False,True,40.99919309478325,True,-20.46627691494034,-20.51590870762468,-2.55848018670401,r,-20.51590870762468,,0.049631792684337483,0.05930487439210097,0.04265760065043267
ZTF24aagtmbq,SN Ic,0.0308,matern32,ztfg,,,,,,10.531220762864281,,,,,,10.216550992301398,,3.236122562394865,,21.20482501484052,,True,False,21.20482501484052,True,-16.763690897440608,,,g,-16.763690897440608,,,,
ZTF24aahuzig,SN Ic-BL,0.0393,gibbs,ztfg,ztfr,,,,,16.140792497565094,19.18942953986449,,,,,15.530445970908396,18.46380211667901,-3.8976548802196174,0.20519540273066994,24.194616104492518,31.135023710506214,True,True,31.135023710506214,True,-17.378500376887633,-17.835879231222027,-4.102850282950287,r,-17.835879231222027,,0.45737885433439374,0.5228692816976199,0.4042305905804575
ZTF24aajdqbw,SN Ic,0.1,changepoint,ztfg,ztfr,27.886481191892383,43.565321356864914,9.973341478910914,17.503788685966367,17.91313971298147,26.06153267089855,25.351346538083984,39.60483759714992,9.066674071737193,15.912535169060332,16.284672466346787,23.69230242808959,-4.915780251194864,2.997114893462882,25.351346538083984,39.60483759714992,False,False,39.60483759714992,False,-19.468381600509606,-19.560968857490437,-7.912895144657746,r,-19.560968857490437,39.60483759714992,0.09258725698083126,0.23546104390308642,0.061606090680719205
ZTF24aajivqf,SN Ic,0.025,matern32,ztfg,ztfr,18.590917578435366,,9.845330812294902,,8.745586766140462,22.868329183478515,18.137480564327188,,9.605200792482831,,8.532279771844355,22.310565057052212,-7.6373284659888,-5.723404552233129,18.137480564327188,28.424024225640544,False,True,28.424024225640544,True,-17.453123539579014,-17.719389662429894,-1.9139239137556707,r,-17.719389662429894,,0.2662661228508796,0.31690726922698076,0.23454979479694416
ZTF24aajqamj,SN Ic-BL,0.023,changepoint_1,ztfg,ztfr,23.3714679102823,33.15392760468943,11.15474988620259,12.67170442607709,12.216718024079709,20.48222317861234,22.84600968747048,32.40853138288312,10.90395883304261,12.386807845627656,11.942050854427869,20.021723537255465,-5.029455431435201,-2.7236168147300006,22.84600968747048,32.40853138288312,False,False,32.40853138288312,False,-16.440600147622398,-17.223575818951012,-2.3058386167052003,r,-17.223575818951012,32.40853138288312,0.7829756713286145,0.8188431204609188,0.7604932889095402
ZTF24aakaiqs,SN Ib,0.03157,changepoint,ztfg,ztfr,33.44185724344466,51.735245283971786,14.90673853376575,17.34199554650197,18.535118709678905,34.393249737469816,32.41840809973599,50.15194827687096,14.450535139414436,16.81126394379632,17.96787296032155,33.34068433307465,-7.18041740256777,-4.121447840106605,32.41840809973599,50.15194827687096,False,False,50.15194827687096,False,-17.58343649882404,-18.08324491746843,-3.058969562461165,r,-18.08324491746843,50.15194827687096,0.49980841864439185,0.5325279595690198,0.4800704403868927
ZTF24aancgyl,SN Ic-BL,0.035,changepoint_1,ztfg,ztfr,,27.912127416656965,,15.38369165803708,10.33108822083987,12.528435758619887,,26.968239049910114,,14.863470201002011,9.98172774960374,12.104768848908105,-6.660609855502758,0.09974936712313465,11.233151367498753,26.968239049910114,True,False,26.968239049910114,False,-18.132338667829007,-18.585877253351622,-6.760359222625893,r,-18.585877253351622,26.968239049910114,0.4535385855226153,0.6006931278764789,0.3882705756316511
ZTF24aaowjlw,SLSN-I,0.13,matern32,ztfg,ztfr,141.46987543901258,150.83051532922238,33.72877678267355,34.18083178676336,107.74109865633903,116.64968354245902,125.19458003452442,133.47833214975432,29.84847502891465,30.248523705100325,95.34610500560977,103.22980844465401,16.757680715282596,17.541822906193133,125.19458003452442,133.47833214975432,False,False,125.19458003452442,False,-20.713685046256906,-20.597006578344455,-0.7841421909105364,g,-20.713685046256906,125.19458003452442,-0.1166784679124504,-0.1159898452866912,-0.11727915683106005
ZTF24aapadbb,SLSN-I,0.039,changepoint_1,ztfg,ztfr,45.52090679733729,57.459151998353136,25.71556457083254,26.852307892086323,19.805342226504745,30.606844106266816,43.81222983381838,55.3023599599164,24.750302763072707,25.84437718198876,19.061927070745664,29.45798277792764,-2.794799827070193,-1.0147805947420494,43.81222983381838,55.3023599599164,False,False,55.3023599599164,False,-19.008804902127196,-19.180816050147577,-1.7800192323281436,r,-19.180816050147577,55.3023599599164,0.1720111480203812,0.17954040366105062,0.16636128797286176
ZTF24aateouu,SN Ic,0.02814,changepoint_1,,ztfr,,35.36869968256772,,15.769632806048348,,19.599066876519377,,34.40066497030338,,15.338020897979211,,19.062644072324172,,-0.0009040193294005405,,34.40066497030338,False,False,34.40066497030338,False,,-16.57144449977461,,r,-16.57144449977461,34.40066497030338,,,
ZTF24aawjwxx,SN Ic,0.0293,gibbs,ztfg,ztfr,23.983326586224656,31.572445492593626,10.906626721254645,12.93033468503912,13.07669986497001,18.642110807554506,23.300618465194457,30.67370590944683,10.596159255080776,12.562260453744408,12.704459210113678,18.111445455702423,-2.3045190392418,1.0423216002950433,23.300618465194457,30.67370590944683,False,False,30.67370590944683,False,-17.483077712490253,-17.817138068540434,-3.3468406395368433,r,-17.817138068540434,30.67370590944683,0.3340603560501805,0.3954307921290585,0.28964189797508055
ZTF24aawtoiv,SN Ic,0.0243,changepoint_1,ztfg,ztfr,22.082613492128843,30.394157735600587,9.278790094072487,12.089480086350658,12.803823398056357,18.30467764924993,21.558736202410273,29.673101372254795,9.058664545614066,11.802675081861425,12.500071656796209,17.870426290393368,-2.944451032954925,0.8590241959369749,21.558736202410273,29.673101372254795,False,False,29.673101372254795,False,-17.59732020679453,-17.887439874515504,-3.8034752288919,r,-17.887439874515504,29.673101372254795,0.29011966772097253,0.3645469152158185,0.21914539693501212
ZTF24aayimjt,SN Ic,0.02,changepoint,ztfg,ztfr,11.731247891585715,17.95734371035173,5.200991070058485,7.137672037720608,6.53025682152723,10.81967167263112,11.50122342312325,17.60523893171738,5.099010852998515,6.997717684039812,6.402212570124735,10.60752124767757,-2.092139756315804,-0.011130770687898917,11.50122342312325,17.60523893171738,False,False,17.60523893171738,False,-16.996719367909535,-17.223948576315387,-2.0810089856279053,r,-17.223948576315387,17.60523893171738,0.22722920840585203,0.29032942279616947,0.18074734054735941
ZTF24aaymkrs,SN Ib,0.016,changepoint,ztfg,ztfr,22.409757204931957,31.76971229728935,5.326910341796827,11.868185981580822,17.08284686313513,19.901526315708526,22.056847642649565,31.269401867410775,5.243021989957507,11.681285414941755,16.813825652692056,19.588116452469023,-8.580079032093746,-0.8416780065976504,22.056847642649565,31.269401867410775,False,False,31.269401867410775,False,-16.845431838206043,-17.263085671323825,-7.7384010254960955,r,-17.263085671323825,31.269401867410775,0.41765383311778237,0.5597610576053142,0.19436650644371767
ZTF24aaysowl,SLSN-I,0.1189,changepoint,ztfg,sdssr,110.08910568869123,112.68266477193853,33.024154665053864,45.943666126372854,77.06495102363736,66.73899864556569,98.39047786995373,100.70843218512694,29.51484016896404,41.061458688330376,68.87563770098969,59.646973496796576,0.10569420410267583,12.482531677877311,98.39047786995373,100.70843218512694,False,False,98.39047786995373,False,-21.7792544599329,-21.579315555569522,-12.376837473774636,g,-21.7792544599329,98.39047786995373,-0.19993890436337836,-0.195876496877176,-0.22447020840208864
ZTF24aazmqbf,SN Ic,0.0293,gibbs,ztfg,ztfr,22.40095162385861,30.676746346557604,9.618005199091494,10.950219155952496,12.782946424767118,19.726527190605108,21.763287305798706,29.80350368848499,9.344219565813168,10.638510789811031,12.419067739985541,19.164992898673958,-1.5518287700708537,1.7302786353854387,21.763287305798706,29.80350368848499,False,False,29.80350368848499,False,-16.165410219306146,-16.80848751227178,-3.2821074054562924,r,-16.80848751227178,29.80350368848499,0.6430772929656321,0.7127039590272766,0.5883640600208615
ZTF24aazqavh,SN Ic-BL,0.0654,gibbs,ztfg,ztfr,13.097625261942756,18.827869759586783,5.058162566690535,8.590478579196844,8.039462695252222,10.237391180389938,12.293622359623388,17.67211353443475,4.747665258767163,8.063148657027263,7.545957100856226,9.60896487740749,-3.404128217918024,0.8817269803435295,12.293622359623388,17.67211353443475,False,False,17.67211353443475,False,-18.829385520383838,-19.080315776459585,-4.285855198261554,r,-19.080315776459585,17.67211353443475,0.2509302560757476,0.6324351511147803,0.13928452049146145
ZTF24aaztbct,SN Ic,0.023,matern32,ztfg,ztfr,,,,,,22.59378439099082,,,,,,22.085810743881545,-16.80935700624187,2.240562040735691,25.433694037043455,33.981774909010234,True,True,33.981774909010234,True,-15.17369310824122,-16.326982352780096,-19.049919046977564,r,-16.326982352780096,,1.1532892445388754,1.3001830393799665,
ZTF24abajmau,SN Ic-BL,0.09,changepoint_1,ztfg,ztfr,34.12266161564671,56.10440112819444,12.375576864314745,19.39789346658316,21.74708475133197,36.70650766161128,31.30519414279515,51.47192764054535,11.353740242490591,17.796232538149685,19.951453900304557,33.67569510239567,-5.85033013498046,2.730507974101723,31.30519414279515,51.47192764054535,False,False,51.47192764054535,False,-18.65730095167012,-19.033000392245143,-8.580838109082183,r,-19.033000392245143,51.47192764054535,0.3756994405750227,0.5690634560439598,0.31066153898257554
ZTF24abchdsc,SN Ib,0.03349,matern32,ztfg,,,,,,,,,,,,,,-0.9643013058091316,,24.251341086960505,,True,False,24.251341086960505,True,-17.315842858246647,,,g,-17.315842858246647,,,,
ZTF24abdiwwv,SN Ic,0.03326,gibbs,ztfg,sdssr,21.264694311707622,,8.500122104788153,,12.76457220691947,16.59163231012961,20.58019696079169,,8.226508434264515,,12.353688526527174,16.05755793326908,0.19422998861514174,-0.5800580715238617,20.58019696079169,22.386186766533807,False,True,22.386186766533807,True,-17.590918222568583,-18.221030062027925,0.7742880601390034,r,-18.221030062027925,,0.6301118394593423,0.6354315214430137,0.6259963887491011
ZTF24abhhzrp,SN Ic,0.031,matern32,ztfg,ztfr,14.756847470805862,19.497689576097812,6.793682175033716,8.866260597041965,7.963165295772146,10.631428979055848,14.313140126872806,18.911435088358694,6.5894104510511315,8.599670802174554,7.723729675821675,10.31176428618414,-4.243848150873051,-1.1464015629831774,14.313140126872806,18.911435088358694,False,False,18.911435088358694,False,-17.982059276501538,-18.32949024642764,-3.0974465878898734,r,-18.32949024642764,18.911435088358694,0.34743096992610134,0.4799352515074773,0.28628305924458886
ZTF24abiifei,SN Ic-BL,0.11,matern32,ztfg,ztfr,,,,23.253252490813406,,,,,,20.948876117849913,,,-11.801400035083258,0.9064172657775948,31.51235612621111,37.21342759035511,True,True,37.21342759035511,True,-19.397772983629057,-19.867957855539295,-12.707817300860853,r,-19.867957855539295,,0.47018487191023794,0.881381524278229,0.13912864704385797
ZTF24abimpmc,SN Ic,0.0618,matern32,ztfg,,,,,,9.970304927741056,,,,,,9.390002757337593,,-0.7103259990789859,,20.91490499967457,,True,False,20.91490499967457,True,-18.695132569757796,,,g,-18.695132569757796,,,,
ZTF24abiwzzc,SN Ic,0.05,matern32,ztfg,,23.43863773844801,,12.146621767089318,,11.29201597135869,,22.322512131855245,,11.56821120675173,,10.754300925103514,,4.71415051555795,,22.322512131855245,,False,False,22.322512131855245,False,-17.995838409354953,,,g,-17.995838409354953,22.322512131855245,,,
ZTF24abkiblx,SN Ib,0.04,matern32,ztfg,ztfr,,,,,14.266442713920593,11.746872169008633,,,,,13.7177333787698,11.295069393277531,-6.718711635755035,2.1785989372587213,19.67334363272035,16.255594525094722,True,True,16.255594525094722,True,-17.506150840680636,-17.947417780267724,-8.897310573013756,r,-17.947417780267724,,0.44126693958708785,0.716152623628524,
ZTF24ablsxza,SN Ic,0.02872,matern32,ztfg,ztfr,23.332237228441926,,6.152315984759056,,17.17992124368287,29.064963690650227,22.680843405826586,,5.980554460649211,,16.700288945177373,28.253522523767618,-20.60193734807774,-18.205396991511865,22.680843405826586,31.92124902721085,False,True,31.92124902721085,True,-16.83569982603221,-16.919674674464087,-2.3965403565658754,r,-16.919674674464087,,0.08397484843187542,0.12171420328610694,0.05500197223039649
ZTF24abltheg,SN Ic,0.03586,gibbs,,,,,,,,,,,,,,,,,,,False,False,,False,,,,,,,,,
ZTF24abnafgr,SN Ic,0.0387,changepoint_1,ztfg,ztfr,13.561374076488008,21.741798155282854,8.49215104043989,7.668671835973283,5.069223036048118,14.073126319309571,13.056102894471945,20.931739824090553,8.175749533493684,7.382951608715976,4.88035336097826,13.548788215374575,-1.9375343100090756,-1.934991414531071,13.056102894471945,20.931739824090553,False,False,20.931739824090553,False,-17.171196572788872,-17.632976847324834,-0.002542895478004681,r,-17.632976847324834,20.931739824090553,0.46178027453596115,0.45659158342478534,0.46020630446587774
ZTF24abncuhj,SN Ic,0.03,matern32,ztfg,ztfr,20.831971942977297,39.04537149705414,5.204523263884669,12.244769977811542,15.627448679092627,26.800601519242598,20.225215478618736,37.908127667042855,5.052935207655018,11.88812619205004,15.172280270963714,26.020001474992814,-9.19688808082348,-0.7695543714894502,20.225215478618736,37.908127667042855,False,False,37.908127667042855,False,-17.629195109386355,-17.847241697780646,-8.42733370933403,r,-17.847241697780646,37.908127667042855,0.2180465883942908,0.3626896138874365,-0.06126243349104499
ZTF24abnsght,SN Ic,0.0258,matern32,ztfg,ztfr,29.13891107019093,42.51523087023487,11.341449728844166,15.556691605192249,17.797461341346764,26.958539265042624,28.40603535795567,41.44592597995211,11.056199774657989,15.165423674392912,17.349835583297683,26.280502305559196,-5.6352968277785624,0.9048740882100379,28.40603535795567,41.44592597995211,False,False,41.44592597995211,False,-16.907351691883473,-17.364055755607698,-6.5401709159886,r,-17.364055755607698,41.44592597995211,0.45670406372422434,0.6224111110334967,0.3144730744813735
ZTF24abpqghw,SN Ic-BL,0.028,changepoint_1,ztfg,ztfr,,,,,,15.681955141240032,,,,,,15.254820176303532,0.017759016120974636,1.6674366001554084,13.483875097275678,23.701423094858363,True,True,23.701423094858363,True,-16.592217363650008,-17.30085823779207,-1.6496775840344338,r,-17.30085823779207,,0.7086408741420627,0.7460359284041367,0.6913053293466334
ZTF24abroqvs,SN Ic-BL,0.051,changepoint_1,ztfg,ztfr,,,,,24.2615630326141,31.458674332075134,,,,,23.084265492496765,29.932135425380718,-9.008587200481283,1.426539806223495,26.893744369160807,38.89909194875186,True,True,38.89909194875186,True,-18.306247612854406,-18.686760098472767,-10.435127006704779,r,-18.686760098472767,,0.38051248561836104,0.6128003504366539,
ZTF24absrpsn,SN Ic-BL,0.07,matern32,ztfg,ztfr,17.12949519018445,,10.472703467335881,,6.6567917228485705,15.482804142925637,16.008874009518177,,9.787573333958766,,6.221300675559411,14.469910413949194,4.627723857126348,4.001796998285556,16.008874009518177,22.051158917124816,False,True,22.051158917124816,True,-18.344964026457212,-18.715535104953634,0.625926858840792,r,-18.715535104953634,,0.3705710784964218,0.37794360554449824,0.3680654085044388
ZTF24absznoi,SN Ic,0.04095,matern32,ztfg,ztfr,,,,,19.414348146730504,,,,,,18.650605837677606,,-17.53267753128896,-1.5771585389985248,37.33421193696356,43.14161467909128,True,True,43.14161467909128,True,-17.18561829954399,-17.564231139929028,-15.955518992290436,r,-17.564231139929028,,0.3786128403850384,0.9013071150311198,0.24728432034613945
ZTF24abtlppf,SLSN-I,0.2285,matern32,ztfg,ztfr,,,39.2600638860825,,,,,,31.957723960995118,,,,-1.3956446481727411,-1.390070075948877,37.168343861961155,50.41490484326229,True,True,50.41490484326229,True,-21.412193630738965,-21.587517548431308,-0.005574572223864038,r,-21.587517548431308,,0.17532391769234223,0.17532363971888643,0.17532367975213603
ZTF24abtmueg,SLSN-I,0.109,changepoint,ztfg,ztfr,,,28.518400210588702,31.929492955713684,,,,,25.715419486554286,28.79124702949836,,,-3.4202617262389907,-1.3368689719170561,67.51256739118469,86.7348843350039,True,True,86.7348843350039,True,-20.655489765210348,-20.665086290557802,-2.0833927543219346,r,-20.665086290557802,,0.009596525347454588,0.013648608470461454,0.006671918778906161
ZTF24abtnkbi,SN Ic,0.01768,gibbs,ztfg,ztfr,17.163469978827315,,7.093904635725613,,10.0695653431017,16.451533184659542,16.865291622933846,,6.970663308432527,,9.894628314501318,16.165723198509887,-2.6767356110573193,-0.8961580747345872,16.865291622933846,23.17542529051113,False,True,23.17542529051113,True,-16.91903054544585,-17.243960402341116,-1.780577536322732,r,-17.243960402341116,,0.32492985689526677,0.35682401150054943,0.30498732570455545
ZTF24abwmzop,SN Ib,0.0168,changepoint_1,ztfg,ztfr,22.987258865942017,32.29656222498279,11.062024893995112,13.203772289793417,11.925233971946906,19.092789935189373,22.607453644710876,31.762944753130206,10.879253436265847,12.985613975013196,11.72820020844503,18.77733077811701,-4.486635150722396,-0.4924290977632104,22.607453644710876,31.762944753130206,False,False,31.762944753130206,False,-16.563404440045762,-17.015660056889168,-3.9942060529591856,r,-17.015660056889168,31.762944753130206,0.45225561684340576,0.5254401644160964,0.38185496738243785
ZTF24abxxniy,SN Ic,0.01297,gibbs,ztfg,ztfr,,,,,24.675752592373147,38.08551875238389,,,,,24.359805909724027,37.59787432242208,-12.9068518014785,4.608530161393087,40.08407967727312,49.02829088103198,True,True,49.02829088103198,True,-15.647393150228726,-16.64823385961156,-17.515381962871587,r,-16.64823385961156,,1.0008407093828353,1.4256323543026141,
ZTF24abygyka,SN Ic-BL,0.09,gibbs,ztfg,ztfr,21.7368981943187,,10.0902554404321,,11.646642753886601,17.028483595494095,19.942108435154772,,9.25711508296523,,10.684993352189542,15.622462014214765,-2.8550199276878097,0.17501987389201723,19.942108435154772,19.429416118812544,False,True,19.429416118812544,True,-19.381769609631807,-19.733876555864413,-3.030039801579827,r,-19.733876555864413,,0.3521069462326061,0.40846695060328386,0.311883693260274
ZTF24abzgggz,SN Ic,0.03,matern32,ztfg,ztfr,,21.659135880453423,7.055841285047598,8.396320871329522,,13.262815009123901,,21.02828726257614,6.850331344706405,8.151767836242254,,12.876519426333884,-3.4938614687213603,-2.1725846157314717,15.101720634574374,21.02828726257614,True,False,21.02828726257614,False,-16.11798097090619,-16.90079926414176,-1.3212768529898886,r,-16.90079926414176,21.02828726257614,0.7828182932355716,0.8081060218498557,0.7663411586693485
ZTF24abzmhtv,SN Ic,0.0364,matern32,,,,,,,,,,,,,,,,,,,False,False,,False,,,,,,,,,
ZTF25aaadytl,SN Ic,0.023,matern32,ztfg,ztfr,24.465675754650675,33.623143563631196,8.224969786074391,12.957020443169988,16.240705968576282,20.666123120461208,23.915616573461072,32.867198009414665,8.040048666739386,12.665709133108493,15.875567906721685,20.20148887630617,-5.872774621238637,0.2748615278134139,23.915616573461072,32.867198009414665,False,False,32.867198009414665,False,-17.448167035848805,-18.042287452958732,-6.147636149052051,r,-18.042287452958732,32.867198009414665,0.5941204171099272,0.6352845523201758,0.4439120841938724
ZTF25aaaecsu,SLSN-I,0.1934,matern32,ztfg,ztfr,53.279411552043484,59.31478284459908,22.325406150343014,22.561895241281345,30.954005401700467,36.75288760331774,44.64505744263741,49.702348621249435,18.707395802197933,18.905559947445404,25.937661640439472,30.796788673804038,-2.098552060633594,-0.6379313897749128,44.64505744263741,49.702348621249435,False,False,49.702348621249435,False,-21.59894479052531,-21.631718515345103,-1.460620670858681,r,-21.631718515345103,49.702348621249435,0.032773724819794126,0.039291993593916885,0.026890609987493264
ZTF25aaaeykb,SN Ic-BL,0.08,gibbs,ztfg,,,,,,12.569891392797262,,,,,,11.63878832666413,,0.354088870763702,,15.58635431794015,,True,False,15.58635431794015,True,-18.622331599738093,,,g,-18.622331599738093,,,,
ZTF25aabzbve,SN Ic-BL,0.045,gibbs,ztfg,ztfr,26.359679628436496,31.846134968247075,12.749244966481902,14.73442092126718,13.610434661954596,17.111714046979895,25.224573807116265,30.47477030454266,12.200234417686032,14.099924326571465,13.024339389430237,16.37484597797119,2.5760232241348575,5.389353729935671,25.224573807116265,30.47477030454266,False,False,30.47477030454266,False,-17.915863866052355,-18.43884600296025,-2.8133305058008133,r,-18.43884600296025,30.47477030454266,0.5229821369078955,0.5541037177256669,0.49881447112012367
ZTF25aaccmjq,SN Ic,0.01142,gibbs,ztfg,ztfr,18.288851722435968,22.413964420072833,6.148923800027756,7.262739954066561,12.139927922408212,15.151224466006273,18.08235127092204,22.160887089510624,6.079495956207862,7.180735949523008,12.002855314714177,14.980151139987614,-3.5079951745788343,-2.0117910900663922,18.08235127092204,22.160887089510624,False,False,22.160887089510624,False,-17.880569828378814,-18.024864657082347,-1.496204084512442,r,-18.024864657082347,22.160887089510624,0.14429482870353283,0.17396709954400436,0.12307551202697198
ZTF25aadnogd,SN Ic,0.02183,gibbs,ztfg,ztfr,39.557166322067715,61.06531331238402,9.571320160013096,14.481824949168807,29.98584616205462,46.58348836321521,38.71208158115118,59.76073643598644,9.36684199917119,14.172440571493112,29.345239581979996,45.58829586449332,-5.35206167832103,0.10907385542614989,38.71208158115118,59.76073643598644,False,False,59.76073643598644,False,-16.694349839060884,-17.061242119798557,-5.46113553374718,r,-17.061242119798557,59.76073643598644,0.3668922807376731,0.6534294182255813,0.20875389059236582
ZTF25aafdnuf,SN Ic,0.0275,changepoint_1,ztfg,ztfr,,,,,18.02732891523425,24.928234430272195,,,,,17.544845659595374,24.26105540659094,-2.203248218523516,-2.175752920768325,29.099718050681698,41.67775524072345,True,True,41.67775524072345,True,-16.84676392977273,-17.226631187897315,-0.027495297755191217,r,-17.226631187897315,,0.3798672581245839,0.3798695113981587,0.37986560720717577
ZTF25aafedas,SN Ib,0.03523,changepoint_1,ztfg,ztfr,,38.66247643049318,,14.952499117360134,13.099883373886257,23.709977313133045,,37.346750413428104,,14.44364935073378,12.654080130875512,22.903101062694322,-9.934641200117767,-6.301746431532443,12.654080130875512,37.346750413428104,True,False,37.346750413428104,False,-17.606334791116623,-17.736631200775527,-3.6328947685853237,r,-17.736631200775527,37.346750413428104,0.13029640965890366,0.19892007578006599,0.09596478653443086
ZTF25aafkxdu,SN Ib,0.03565,gibbs,ztfg,ztfr,,,,,,16.496634301539668,,,,,,15.928773525360565,-1.4779980174098544,-1.2631109791922905,17.37289026193258,17.64983896355095,True,True,17.64983896355095,True,-16.910976658594553,-17.35677413298765,-0.21488703821756383,r,-17.35677413298765,,0.44579747439309614,0.447497731577549,0.44370308038062944
ZTF25aajbcmc,SLSN-I,0.077,matern32,ztfg,ztfr,44.303410620919486,,17.930528595049633,19.845982222737902,26.372882025869853,,41.135943009210294,,16.64858736773411,18.42709584283928,24.48735564147619,,1.0313427410769975,3.306254420717103,41.135943009210294,34.849896845072706,False,True,41.135943009210294,False,-19.888759183596175,-19.8579607267673,-2.2749116796401054,g,-19.888759183596175,41.135943009210294,-0.030798456828875942,-0.022092111522095337,-0.03604742280849749
ZTF25aajgfsk,SLSN-I,0.21,matern32,,ztfr,,,,,,,,,,,,,,7.8850616776927644,,42.89153842986677,False,True,42.89153842986677,True,,-21.310292516192476,,r,-21.310292516192476,,,,
ZTF25aajuqtp,SN Ic-BL,0.01439,matern32,,,,,,,,,,,,,,,,,,,False,False,,False,,,,,,,,,
ZTF25aakbbof,SN Ib,0.02907,matern32,,,,,,,,,,,,,,,,,,,False,False,,False,,,,,,,,,
ZTF25aakeqyr,SN Ib,0.04,matern32,ztfg,ztfr,49.64273145241997,53.734997101500454,26.96604579954164,27.229681437027605,22.676685652878334,26.50531566447285,47.73339562732689,51.66826644375043,25.92889019186696,26.182385997141928,21.804505435459934,25.48588044660851,-1.7810974548423175,1.1763778405905612,47.73339562732689,51.66826644375043,False,False,51.66826644375043,False,-18.309098672437106,-18.49883701064623,-2.9574752954328787,r,-18.49883701064623,51.66826644375043,0.1897383382091249,0.20516584284144557,0.17447463412761266
ZTF25aamplge,SN Ic,0.03295,matern32,ztfg,,28.547049039710497,,11.213858732812689,,17.33319030689781,,27.63642871359746,,10.856148635280206,,16.780280078317254,,-1.5960196913167017,,27.63642871359746,,False,False,27.63642871359746,False,-17.561685070073565,,,g,-17.561685070073565,27.63642871359746,,,
ZTF25aanxtou,SLSN-I,0.1734,gibbs,ztfg,ztfr,,,,,25.487688108204477,29.712805983759086,,,,,21.721227295214316,25.321975442099102,-0.5925993566019727,0.7009549801571175,47.66829525414347,52.30609482173582,True,True,52.30609482173582,True,-20.244048816255088,-20.619744641179476,-1.2935543367590903,r,-20.619744641179476,,0.3756958249243887,0.3784870039423396,0.372284765419991
ZTF25aaomnws,SLSN-I,0.176,gibbs,ztfg,ztfr,50.091380728994636,,16.812969367214013,,33.27841136178063,,42.594711504247144,,14.29674265919559,,28.297968845051557,,-4.866060661440628,-4.481394539626802,42.594711504247144,51.772240731472365,False,True,42.594711504247144,False,-20.934366741465013,-20.875108452326927,-0.38466612181382587,g,-20.934366741465013,42.594711504247144,-0.05925828913808573,-0.05891542074814282,-0.059413855418053885
ZTF25aarmzhx,SN Ic-BL,0.035,matern32,ztfg,ztfr,25.341430245656476,31.912908423135505,16.118406332734622,14.470276201464369,9.223023912921855,17.442632221671136,24.484473667300943,30.833727945058463,15.57333945191751,13.980943189820648,8.911134215383436,16.852784755237813,-1.4549494707130428,-0.7905177580998206,24.484473667300943,30.833727945058463,False,False,30.833727945058463,False,-16.595709192769988,-17.464556958318248,-0.6644317126132222,r,-17.464556958318248,30.833727945058463,0.86884776554826,0.8765158280729821,0.8632351474673321
ZTF25aaurzyo,SN Ic-BL,0.0972,matern32,,,,,,,,,,,,,,,,,,,False,False,,False,,,,,,,,,
ZTF25aavahfn,SN Ib,0.03238,gibbs,,ztfr,,,,,,,,,,,,,,-0.8083470046768095,,21.319568182401056,False,True,21.319568182401056,True,,-17.013276342314533,,r,-17.013276342314533,,,,
ZTF25aawaobl,SN Ic-BL,0.02245,matern32,ztfg,ztfr,14.472402287121389,20.05807168555461,6.085833161131154,7.277005736372903,8.386569125990235,12.781065949181706,14.15463082509794,19.617655323541108,5.952206133435526,7.11722405630877,8.202424691662413,12.500431267232338,-0.051925836255370506,1.5391709999057408,14.15463082509794,19.617655323541108,False,False,19.617655323541108,False,-16.998502057137916,-17.551250737753044,-1.5910968361611113,r,-17.551250737753044,19.617655323541108,0.552748680615128,0.5881077282700993,0.5390649650601134
ZTF25aaxegmh,SLSN-I,0.2555,changepoint,ztfg,ztfr,25.010232446015607,29.48390541225877,13.013406230362433,12.205179256569343,11.996826215653172,17.27872615568943,19.92053560017173,23.483795629039243,10.365118463052514,9.721369379983546,9.555417137119212,13.762426249055698,0.0021731605444816893,-2.931476236762588,19.92053560017173,23.483795629039243,False,False,19.92053560017173,False,-21.71514838482131,-21.55765951899864,2.93364939730707,g,-21.71514838482131,19.92053560017173,-0.15748886582266763,-0.1377758801261031,-0.14657798584478954
ZTF25abbzsku,SN Ic,0.04423,gibbs,,ztfr,,,,,,17.16323249472736,,,,,,16.436256854071765,,-1.3222146441716482,,34.342877288150106,False,True,34.342877288150106,True,,-17.241160171581807,,r,-17.241160171581807,,,,
ZTF25abclliu,SN Ic,0.09025,gibbs,ztfg,ztfr,85.20658006825381,94.24859625241803,23.84812012598702,47.14942063142228,61.35845994226679,47.09917562099574,78.15324931736191,86.44677482450633,21.873992319180942,43.24643029710826,56.27925699818096,43.200344527398066,-18.092769211692538,6.122612772252538,78.15324931736191,86.44677482450633,False,False,86.44677482450633,False,-18.773904009399004,-19.34106607136475,-24.215381983945075,r,-19.34106607136475,86.44677482450633,0.567162061965746,0.7156426247786953,0.3999372402070769
ZTF25abcydiy,SLSN-I,0.22,matern32,ztfg,ztfr,49.149263525640094,55.99850358867906,20.046976180636022,26.253391729263896,29.102287345004072,29.74511185941516,40.28628157839352,45.90041277760579,16.43194768904592,21.519173548576966,23.8543338893476,24.38123922902882,6.4838358031328625,13.299779395752878,40.28628157839352,45.90041277760579,False,False,40.28628157839352,False,-21.508473058412093,-21.436789279162998,-6.815943592620016,g,-21.508473058412093,40.28628157839352,-0.07168377924909564,-0.042312932258251834,-0.07683109775902253
ZTF25abecvml,SN Ic-BL,0.0353,matern32,ztfg,ztfr,15.491511175473704,21.621543602432276,5.843506372583789,7.644230446475376,9.648004802889915,13.9773131559569,14.963306457523139,20.88432686412854,5.644263858382875,7.3835897290402555,9.319042599140264,13.500737135088285,-2.6459480133544115,-0.2819744382700762,14.963306457523139,20.88432686412854,False,False,20.88432686412854,False,-18.21148804812756,-18.357921548897973,-2.3639735750843354,r,-18.357921548897973,20.88432686412854,0.14643350077041362,0.20586965135997204,0.11655164627026693
ZTF25abixhdc,SLSN-I,0.22,changepoint,ztfg,ztfr,,,27.547837672202665,29.77289164561542,,,,,22.580194813280873,24.404009545586412,,,5.812952990603144,8.905334229908817,30.114725968365615,29.35933665194819,True,True,30.114725968365615,True,-22.005807522312924,-21.93348501040963,-3.0923812393056735,g,-22.005807522312924,,-0.07232251190329464,-0.07261772063030136,-0.08105906261671336
ZTF25abkwytp,SN Ic-BL,0.019,changepoint_1,ztfg,ztfr,,,,,16.168654063793642,20.09403137184769,,,,,15.867177687726834,19.719363465993812,-5.581827000491676,2.463707499825704,21.13152027819472,32.91495885347775,True,True,32.91495885347775,True,-17.400485228689384,-17.69539334147435,-8.04553450031738,r,-17.69539334147435,,0.29490811278496665,0.5123648361418525,0.21145141223363595
ZTF25ablgkgi,SN Ic-BL,0.03252,gibbs,ztfg,ztfr,19.875226484603843,33.29998494079337,7.4586447243224985,11.362065001164192,12.416581760281346,21.937919939629182,19.24924116201511,32.251176675312216,7.223729055439602,11.004208152059224,12.02551210657551,21.246968523252992,-6.350549157370411,-0.9765072313852414,19.24924116201511,32.251176675312216,False,False,32.251176675312216,False,-17.572179822630684,-17.964353966816113,-5.3740419259851695,r,-17.964353966816113,32.251176675312216,0.39217414418542873,0.6072599165215955,0.30100823394939624
ZTF25ablulax,SN Ic,0.055,gibbs,ztfg,ztfr,39.39629306753004,63.62189665118765,15.17032433909954,20.363688764119196,24.225968728430495,43.25820788706845,37.34245788391473,60.30511530918261,14.379454349857385,19.302074657932888,22.963003534057343,41.00304065124972,-12.3630506261783,-5.785024734087692,37.34245788391473,60.30511530918261,False,False,60.30511530918261,False,-17.772347931629852,-18.006217047367564,-6.578025892090608,r,-18.006217047367564,60.30511530918261,0.2338691157377113,0.3286577791598795,0.15946632470958733
ZTF25abmjfcf,SLSN-I,0.11,matern32,ztfg,ztfr,,38.57346352061255,,16.053439160709228,17.55085906940269,22.520024359903324,,34.75086803658788,,14.462557802440745,15.81158474720963,20.288310234147136,3.6646234656863346,7.275197761912054,28.158624175958327,34.75086803658788,True,False,28.158624175958327,True,-20.219090346601575,-20.13854013596207,-3.6105742962257192,g,-20.219090346601575,,-0.08055021063950463,-0.039882719041393955,-0.10508666469336703
ZTF25abmsmeg,SN Ic,0.00745,gibbs,ztfg,ztfr,19.158184115413306,23.589903733028947,7.548928935059337,9.784942818207808,11.609255180353967,13.804960914821137,19.01651110766123,23.41545856670698,7.49310530057009,9.712584066909335,11.52340580709114,13.702874499797646,-2.318093139611781,0.9778893989675748,19.01651110766123,23.41545856670698,False,False,23.41545856670698,False,-15.822354264061385,-16.690931652713537,-3.2959825385793557,r,-16.690931652713537,23.41545856670698,0.8685773886521524,0.94990102622371,0.805270404966663
ZTF25abmtiec,SN Ic-BL,0.02402,matern32,ztfg,ztfr,11.87028595845609,,4.956325070442831,,6.913960888013261,9.712395091551812,11.591849727989777,,4.840066669052197,,6.751783058937581,9.484575585976653,-0.8919156087069062,-0.10070218629282479,11.591849727989777,15.239437906424026,False,True,15.239437906424026,True,-16.542951667410474,-16.780714999944344,-0.7912134224140814,r,-16.780714999944344,,0.23776333253386994,0.251746649545705,0.2247996189764443
ZTF25aboftol,SN Ib,0.02712,matern32,ztfg,ztfr,29.50471660100603,95.33110842408374,19.395584041426048,23.56766371375324,10.109132559579983,71.7634447103305,28.725676260812786,92.81399293566841,18.883464484603596,22.945384875918336,9.84221177620919,69.86860805975007,-3.406465903505275,-0.2718814003056238,28.725676260812786,92.81399293566841,False,False,92.81399293566841,False,-16.77068822296146,-16.82581467206247,-3.134584503199651,r,-16.82581467206247,92.81399293566841,0.055126449101010166,0.5177395446462505,0.01477209018650072
ZTF25abqsbxy,SN Ic,0.031,gibbs,ztfg,ztfr,,,,,,,,,,,,,-8.291210691937493,-2.552331413280056,38.69615984488022,45.488266537199024,True,True,45.488266537199024,True,-17.39002224209154,-17.82773997419728,-5.738879278657437,r,-17.82773997419728,,0.43771773210573883,0.54743404405259,0.38172043348802376
ZTF25abvbjre,SN Ic,0.02043,matern32,ztfg,ztfr,16.900028479843805,21.554214489054143,7.101389569394307,10.5695873993797,9.798638910449496,10.984627089674444,16.561673490434234,21.12267817396014,6.959212850851413,10.357973990748704,9.60246063958282,10.764704183211434,-5.355722805952654,-1.2884368467400442,16.561673490434234,21.12267817396014,False,False,21.12267817396014,False,-16.01834679534464,-16.78615888758067,-4.06728595921261,r,-16.78615888758067,21.12267817396014,0.7678120922360279,0.8803855658226105,0.714998463017583
ZTF25abvcnay,SN Ic,0.04318,matern32,ztfg,ztfr,13.268567684003465,22.546095680668657,4.453262102540708,5.38168263701988,8.815305581462756,17.16441304364878,12.719346310323688,21.61285270103784,4.26892971734572,5.158920451906555,8.450416592977968,16.453932249131288,-0.8308226382604458,0.8482270072437466,12.719346310323688,21.61285270103784,False,False,21.61285270103784,False,-18.321094195826642,-18.36986743818036,-1.6790496455041923,r,-18.36986743818036,21.61285270103784,0.04877324235371816,0.13703858579458839,-0.0050511461164362
ZTF25abwophe,SN Ib/c,0.03,gibbs,ztfg,ztfr,,33.85313979023832,,15.55519988517251,14.819241520111513,18.297939905065814,,32.86712600994012,,15.102135810847097,14.387613126321856,17.764990199093024,-6.689556106522712,-1.7910290662781172,25.328319624674908,32.86712600994012,True,False,32.86712600994012,False,-15.933460523599877,-16.75338051899906,-4.898527040244595,r,-16.75338051899906,32.86712600994012,0.8199199953991823,0.9237710052227861,0.764431339652198
ZTF25abxfsza,SLSN-I,0.17,changepoint,ztfg,ztfr,185.1698959173152,,53.663805364793774,61.265490204686486,131.5060905525214,,158.2648683053976,,45.86650031178955,52.363666841612385,112.39836799360805,,6.496938939577163,11.515372047788759,158.2648683053976,168.87728714296807,False,True,158.2648683053976,False,-21.552990876651716,-21.4231523662295,-5.018433108211596,g,-21.552990876651716,158.2648683053976,-0.12983851042221772,-0.11631670815199158,-0.14894407847924285
ZTF25abyevmr,SN Ic,0.01317,matern32,ztfg,ztfr,21.111514434474444,31.69134743064435,7.171479413031786,11.019642630275923,13.94003502144266,20.671704800368428,20.83708995970513,31.279397762117267,7.0782587453554555,10.876400436526865,13.758831214349675,20.402997325590405,-5.438194942829982,-0.6280461625001159,20.83708995970513,31.279397762117267,False,False,31.279397762117267,False,-17.25053840698942,-17.476550448405423,-4.810148780329866,r,-17.476550448405423,31.279397762117267,0.22601204141600206,0.38900703389788305,0.08782831420165849
ZTF25abyrwhz,SLSN-I,0.124,changepoint_1,ztfg,ztfr,29.066555841846128,31.437310591016036,12.546799840744733,13.226003957696529,16.519756001101396,18.211306633319506,25.85992512619762,27.969137536491132,11.162633310271113,11.766907435673067,14.697291815926507,16.202230100818063,0.7128177538834208,1.8900042011387654,25.85992512619762,27.969137536491132,False,False,25.85992512619762,False,-21.007512940542362,-20.776547947894546,-1.1771864472553446,g,-21.007512940542362,25.85992512619762,-0.23096499264781656,-0.22570309073146788,-0.2378041290643047
ZTF25abzudli,SN Ic,0.03035,gibbs,,ztfr,,,,,,18.84314501008806,,,,,,18.288101140474655,,-0.6560895886200449,,35.156288854447126,False,True,35.156288854447126,True,,-17.41462864667473,,r,-17.41462864667473,,,,
ZTF25accmopr,SLSN-I,0.307,matern32,ztfg,ztfr,83.20712168063557,108.7262877763998,29.68363736671789,39.505883140079725,53.523484313917685,69.22040463632007,63.66267917416646,83.18767236143826,22.71127572051866,30.226383427758016,40.951403453647806,52.96128893368024,-21.295784831053815,-11.243257294043019,63.66267917416646,83.18767236143826,False,False,63.66267917416646,False,-22.38956669304424,-22.360656028100294,-10.052527537010796,g,-22.38956669304424,63.66267917416646,-0.028910664943946784,-0.011935607790292124,-0.03799426464562572
ZTF25acdktzt,SN Ic,0.08,gibbs,ztfg,ztfr,,38.94303613513144,,11.824504437089216,14.824622272471409,27.118531698042226,,36.05836679178837,,10.948615219527051,13.726502104140192,25.109751572261317,-13.413324854714286,-10.648861271793022,23.419196868392106,36.05836679178837,True,False,36.05836679178837,False,-19.107442578333224,-19.26039866139785,-2.7644635829212643,r,-19.26039866139785,36.05836679178837,0.15295608306462682,0.20220864741703792,0.10963304859431844
ZTF25acemaph,SLSN-I,0.1335,changepoint,ztfg,ztfr,65.95968538334213,70.65016897430343,22.50967430237761,21.629779168080937,43.45001108096453,49.0203898062225,58.191164872820586,62.3292183275725,19.858556949605305,19.082293046388124,38.33260792321529,43.24692528118438,5.336920215823426,5.168694124870626,58.191164872820586,62.3292183275725,False,False,58.191164872820586,False,-22.041652266925222,-21.891804479496763,0.16822609095279972,g,-22.041652266925222,58.191164872820586,-0.1498477874284596,-0.14981540336495414,-0.1498761699943678
ZTF25aceopyo,SN Ib,0.01764,matern32,,,,,,,,,,,,,,,,,,,False,False,,False,,,,,,,,,
ZTF25acgdfwz,SN Ib/c,0.018,matern32,,ztfr,,18.663088018397666,,6.858445561923762,,11.804642456473903,,18.333092355989848,,6.737176386958509,,11.595915969031338,,-0.6263824781245013,,18.333092355989848,False,False,18.333092355989848,False,,-16.104200611041705,,r,-16.104200611041705,18.333092355989848,,,
ZTF26aaakmmc,SLSN-I,0.235,gibbs,ztfg,ztfr,34.98396269999911,41.441255225910076,17.02083323441306,13.685365026879298,17.963129465586054,27.755890199030777,28.32709530364301,33.55567224770047,13.782051201953896,11.081267228242348,14.545044101689113,22.47440501945812,0.8082313727574792,-1.7684206358193073,28.32709530364301,33.55567224770047,False,False,28.32709530364301,False,-21.90698269827348,-21.76004245562412,2.5766520085767866,g,-21.90698269827348,28.32709530364301,-0.1469402426493609,-0.09985372054010355,-0.18132400230094348
ZTF26aadqfik,SN Ib,0.02769,gibbs,ztfg,ztfr,24.38015200759002,,8.006709346037084,,16.373442661552936,23.31941655508656,23.723255074575036,,7.7909771877094105,,15.932277886865627,22.691099996192,-3.993212666452443,1.2089961900824449,23.723255074575036,30.644597636532893,False,True,30.644597636532893,True,-16.611924726121288,-16.872614279755684,-5.202208856534888,r,-16.872614279755684,,0.2606895536343963,0.5638396405045327,0.15812520053309953
ZTF26aadqwlb,SN Ic,0.02499,gibbs,ztfg,ztfr,8.985031036664015,15.444546459617348,4.74412926860602,6.141591706793459,4.240901768057995,9.302954752823888,8.765969459862061,15.067997209355552,4.628463954385916,5.991855244239904,4.137505505476146,9.076141965115648,-1.7326100946106244,-0.7326222092257133,8.765969459862061,15.067997209355552,False,False,8.765969459862061,False,-17.26142504595123,-17.07327185028476,-0.9999878853849111,g,-17.26142504595123,8.765969459862061,-0.18815319566647304,-0.15114450095772725,-0.1992598813399411
ZTF26aagbzrh,SN Ic,0.03205,changepoint,ztfg,ztfr,,,,,10.133941524496423,,,,,,9.819235041418947,,-7.438467502045404,-4.822568535749545,13.23228208192597,29.960046703017998,True,True,29.960046703017998,True,-16.506948123252812,-17.079247974536486,-2.615898966295859,r,-17.079247974536486,,0.5722998512836739,0.6314825743238295,0.5356214967233335
ZTF26aahinar,SN Ic-BL,0.023,gibbs,ztfg,ztfr,,,,,12.65416395768638,17.10578806908874,,,,,12.369661737718848,16.721200458542267,-2.0361704972843775,1.0307884747435025,19.20807571891608,26.517545595257165,True,True,26.517545595257165,True,-17.635771705673434,-17.935165843765258,-3.06695897202788,r,-17.935165843765258,,0.2993941380918237,0.35567676326533615,0.2535330684211985
ZTF26aahjdpb,SLSN-I,0.265,gibbs,ztfg,ztfr,,,,,16.462672856811466,17.168761113776704,,,,,13.013970637795623,13.57214317294601,1.969896004175121,0.9513392897805915,20.00960653022089,19.778689805314258,True,True,20.00960653022089,True,-22.53724029239062,-22.30025413653974,1.0185567143945295,g,-22.53724029239062,,-0.23698615585088234,-0.22842563274074834,-0.24350597533214824
ZTF26aajnayv,SN Ic,0.04258,gibbs,ztfg,ztfr,,,,,12.481737472630043,22.025112418098836,,,,,11.971970949596233,21.12558500843948,-10.069629699923098,-1.6046615778913491,11.971970949596233,29.07349674867533,True,True,29.07349674867533,True,-17.14980403482268,-17.459621119972105,-8.464968122031749,r,-17.459621119972105,,0.30981708514942596,0.788801298327467,
ZTF26aakdoou,SN Ib,0.00613,changepoint_1,,ztfr,,,,,,11.635442497230121,,,,,,11.564551794728436,,-2.622626305198118,,17.946944919482103,False,True,17.946944919482103,True,,-13.906386388339243,,r,-13.906386388339243,,,,
ZTF26aalsmpp,SN Ic-BL,0.07097,changepoint_1,ztfg,ztfr,35.026590611145714,40.874738732971366,13.109451216015136,13.740624141919735,21.917139395130576,27.134114591051627,32.70548251691991,38.16609123782306,12.240726832698522,12.83007380404655,20.464755684221384,25.336017433776508,-4.004304889974376,-1.4873194662647187,32.70548251691991,38.16609123782306,False,False,38.16609123782306,False,-19.028748234954264,-19.155057876195407,-2.5169854237096576,r,-19.155057876195407,38.16609123782306,0.12630964124114286,0.15247107971203633,0.09464172791755487
ZTF26aarkqap,SN Ic,0.02882,matern32,ztfg,ztfr,22.923801553261455,20.858405879233416,12.180931695193067,11.684007240564073,10.74286985806839,9.174398638669341,22.28164455712511,20.27410614027081,11.83971121789338,11.356706946369698,10.441933339231731,8.917399193901112,-1.3486191101193814,-0.5909159092925371,22.28164455712511,20.27410614027081,False,False,20.27410614027081,False,-17.213553644378067,-17.566329094503363,-0.7577032008268443,r,-17.566329094503363,20.27410614027081,0.35277545012529643,0.3720291501402393,0.3380831058322755
