ZTFID,mean,kernel,group,status
ZTF18aaexyql,constant,gibbs,gibbs_constant,missing
ZTF18aaexyql,constant,changepoint,changepoint_constant,missing
ZTF18aaexyql,constant,changepoint_1,changepoint_1_constant,missing
ZTF18aaexyql,constant,matern32,matern32_constant,missing
ZTF18aakkrjm,constant,gibbs,gibbs_constant,missing
ZTF18aakkrjm,constant,changepoint,changepoint_constant,missing
ZTF18aakkrjm,constant,changepoint_1,changepoint_1_constant,missing
ZTF18aakkrjm,constant,matern32,matern32_constant,missing
ZTF18aaqjovh,constant,gibbs,gibbs_constant,missing
ZTF18aaqjovh,constant,changepoint,changepoint_constant,missing
ZTF18aaqjovh,constant,changepoint_1,changepoint_1_constant,missing
ZTF18aaqjovh,constant,matern32,matern32_constant,missing
ZTF18aaxiuyp,constant,gibbs,gibbs_constant,missing
ZTF18aaxiuyp,constant,changepoint,changepoint_constant,missing
ZTF18aaxiuyp,constant,changepoint_1,changepoint_1_constant,missing
ZTF18aaxiuyp,constant,matern32,matern32_constant,missing
ZTF18abdffeo,constant,gibbs,gibbs_constant,missing
ZTF18abdffeo,constant,changepoint,changepoint_constant,missing
ZTF18abdffeo,constant,changepoint_1,changepoint_1_constant,missing
ZTF18abdffeo,constant,matern32,matern32_constant,missing
ZTF18abdkkwa,constant,gibbs,gibbs_constant,missing
ZTF18abdkkwa,constant,changepoint,changepoint_constant,missing
ZTF18abdkkwa,constant,changepoint_1,changepoint_1_constant,missing
ZTF18abdkkwa,constant,matern32,matern32_constant,missing
ZTF18abeamgv,constant,gibbs,gibbs_constant,missing
ZTF18abeamgv,constant,changepoint,changepoint_constant,missing
ZTF18abeamgv,constant,changepoint_1,changepoint_1_constant,missing
ZTF18abeamgv,constant,matern32,matern32_constant,missing
ZTF18abecbks,constant,gibbs,gibbs_constant,missing
ZTF18abecbks,constant,changepoint,changepoint_constant,missing
ZTF18abecbks,constant,changepoint_1,changepoint_1_constant,missing
ZTF18abecbks,constant,matern32,matern32_constant,missing
ZTF18abeyqpr,constant,gibbs,gibbs_constant,missing
ZTF18abeyqpr,constant,changepoint,changepoint_constant,missing
ZTF18abeyqpr,constant,changepoint_1,changepoint_1_constant,missing
ZTF18abeyqpr,constant,matern32,matern32_constant,missing
ZTF18abfcmjw,constant,gibbs,gibbs_constant,missing
ZTF18abfcmjw,constant,changepoint,changepoint_constant,missing
ZTF18abfcmjw,constant,changepoint_1,changepoint_1_constant,missing
ZTF18abfcmjw,constant,matern32,matern32_constant,missing
ZTF18abfzhct,constant,gibbs,gibbs_constant,missing
ZTF18abfzhct,constant,changepoint,changepoint_constant,missing
ZTF18abfzhct,constant,changepoint_1,changepoint_1_constant,missing
ZTF18abfzhct,constant,matern32,matern32_constant,missing
ZTF18abhhnnv,constant,gibbs,gibbs_constant,missing
ZTF18abhhnnv,constant,changepoint,changepoint_constant,missing
ZTF18abhhnnv,constant,changepoint_1,changepoint_1_constant,missing
ZTF18abhhnnv,constant,matern32,matern32_constant,missing
ZTF18abjyjdz,constant,gibbs,gibbs_constant,missing
ZTF18abjyjdz,constant,changepoint,changepoint_constant,missing
ZTF18abjyjdz,constant,changepoint_1,changepoint_1_constant,missing
ZTF18abjyjdz,constant,matern32,matern32_constant,missing
ZTF18abkjnqy,constant,gibbs,gibbs_constant,missing
ZTF18abkjnqy,constant,changepoint,changepoint_constant,missing
ZTF18abkjnqy,constant,changepoint_1,changepoint_1_constant,missing
ZTF18abkjnqy,constant,matern32,matern32_constant,missing
ZTF18aboabxv,constant,gibbs,gibbs_constant,missing
ZTF18aboabxv,constant,changepoint,changepoint_constant,missing
ZTF18aboabxv,constant,changepoint_1,changepoint_1_constant,missing
ZTF18aboabxv,constant,matern32,matern32_constant,missing
ZTF18abukavn,constant,gibbs,gibbs_constant,missing
ZTF18abukavn,constant,changepoint,changepoint_constant,missing
ZTF18abukavn,constant,changepoint_1,changepoint_1_constant,missing
ZTF18abukavn,constant,matern32,matern32_constant,missing
ZTF18abvkmgw,constant,gibbs,gibbs_constant,missing
ZTF18abvkmgw,constant,changepoint,changepoint_constant,missing
ZTF18abvkmgw,constant,changepoint_1,changepoint_1_constant,missing
ZTF18abvkmgw,constant,matern32,matern32_constant,missing
ZTF18acbvpzj,constant,gibbs,gibbs_constant,missing
ZTF18acbvpzj,constant,changepoint,changepoint_constant,missing
ZTF18acbvpzj,constant,changepoint_1,changepoint_1_constant,missing
ZTF18acbvpzj,constant,matern32,matern32_constant,missing
ZTF18aceqrrs,constant,gibbs,gibbs_constant,missing
ZTF18aceqrrs,constant,changepoint,changepoint_constant,missing
ZTF18aceqrrs,constant,changepoint_1,changepoint_1_constant,missing
ZTF18aceqrrs,constant,matern32,matern32_constant,missing
ZTF18achcpwu,constant,gibbs,gibbs_constant,missing
ZTF18achcpwu,constant,changepoint,changepoint_constant,missing
ZTF18achcpwu,constant,changepoint_1,changepoint_1_constant,missing
ZTF18achcpwu,constant,matern32,matern32_constant,missing
ZTF18achdidy,constant,gibbs,gibbs_constant,missing
ZTF18achdidy,constant,changepoint,changepoint_constant,missing
ZTF18achdidy,constant,changepoint_1,changepoint_1_constant,missing
ZTF18achdidy,constant,matern32,matern32_constant,missing
ZTF18acizepv,constant,gibbs,gibbs_constant,missing
ZTF18acizepv,constant,changepoint,changepoint_constant,missing
ZTF18acizepv,constant,changepoint_1,changepoint_1_constant,missing
ZTF18acizepv,constant,matern32,matern32_constant,missing
ZTF18acnncve,constant,gibbs,gibbs_constant,missing
ZTF18acnncve,constant,changepoint,changepoint_constant,missing
ZTF18acnncve,constant,changepoint_1,changepoint_1_constant,missing
ZTF18acnncve,constant,matern32,matern32_constant,missing
ZTF18acsjrbc,constant,gibbs,gibbs_constant,missing
ZTF18acsjrbc,constant,changepoint,changepoint_constant,missing
ZTF18acsjrbc,constant,changepoint_1,changepoint_1_constant,missing
ZTF18acsjrbc,constant,matern32,matern32_constant,missing
ZTF18acyxnyw,constant,gibbs,gibbs_constant,missing
ZTF18acyxnyw,constant,changepoint,changepoint_constant,missing
ZTF18acyxnyw,constant,changepoint_1,changepoint_1_constant,missing
ZTF18acyxnyw,constant,matern32,matern32_constant,missing
ZTF18aczcumi,constant,gibbs,gibbs_constant,missing
ZTF18aczcumi,constant,changepoint,changepoint_constant,missing
ZTF18aczcumi,constant,changepoint_1,changepoint_1_constant,missing
ZTF18aczcumi,constant,matern32,matern32_constant,missing
ZTF18aczqzrj,constant,gibbs,gibbs_constant,missing
ZTF18aczqzrj,constant,changepoint,changepoint_constant,missing
ZTF18aczqzrj,constant,changepoint_1,changepoint_1_constant,missing
ZTF18aczqzrj,constant,matern32,matern32_constant,missing
ZTF18adasisj,constant,gibbs,gibbs_constant,missing
ZTF18adasisj,constant,changepoint,changepoint_constant,missing
ZTF18adasisj,constant,changepoint_1,changepoint_1_constant,missing
ZTF18adasisj,constant,matern32,matern32_constant,missing
ZTF18adaykvg,constant,gibbs,gibbs_constant,missing
ZTF18adaykvg,constant,changepoint,changepoint_constant,missing
ZTF18adaykvg,constant,changepoint_1,changepoint_1_constant,missing
ZTF18adaykvg,constant,matern32,matern32_constant,missing
ZTF19aadnhdo,constant,gibbs,gibbs_constant,missing
ZTF19aadnhdo,constant,changepoint,changepoint_constant,missing
ZTF19aadnhdo,constant,changepoint_1,changepoint_1_constant,missing
ZTF19aadnhdo,constant,matern32,matern32_constant,missing
ZTF19aafmyow,constant,gibbs,gibbs_constant,missing
ZTF19aafmyow,constant,changepoint,changepoint_constant,missing
ZTF19aafmyow,constant,changepoint_1,changepoint_1_constant,missing
ZTF19aafmyow,constant,matern32,matern32_constant,missing
ZTF19aailcgs,constant,gibbs,gibbs_constant,missing
ZTF19aailcgs,constant,changepoint,changepoint_constant,missing
ZTF19aailcgs,constant,changepoint_1,changepoint_1_constant,missing
ZTF19aailcgs,constant,matern32,matern32_constant,missing
ZTF19aailsge,constant,gibbs,gibbs_constant,missing
ZTF19aailsge,constant,changepoint,changepoint_constant,missing
ZTF19aailsge,constant,changepoint_1,changepoint_1_constant,missing
ZTF19aailsge,constant,matern32,matern32_constant,missing
ZTF19aakirwj,constant,gibbs,gibbs_constant,missing
ZTF19aakirwj,constant,changepoint,changepoint_constant,missing
ZTF19aakirwj,constant,changepoint_1,changepoint_1_constant,missing
ZTF19aakirwj,constant,matern32,matern32_constant,missing
ZTF19aakpcuw,constant,gibbs,gibbs_constant,missing
ZTF19aakpcuw,constant,changepoint,changepoint_constant,missing
ZTF19aakpcuw,constant,changepoint_1,changepoint_1_constant,missing
ZTF19aakpcuw,constant,matern32,matern32_constant,missing
ZTF19aalfsqm,constant,gibbs,gibbs_constant,missing
ZTF19aalfsqm,constant,changepoint,changepoint_constant,missing
ZTF19aalfsqm,constant,changepoint_1,changepoint_1_constant,missing
ZTF19aalfsqm,constant,matern32,matern32_constant,missing
ZTF19aalouag,constant,gibbs,gibbs_constant,missing
ZTF19aalouag,constant,changepoint,changepoint_constant,missing
ZTF19aalouag,constant,changepoint_1,changepoint_1_constant,missing
ZTF19aalouag,constant,matern32,matern32_constant,missing
ZTF19aamgghn,constant,gibbs,gibbs_constant,missing
ZTF19aamgghn,constant,changepoint,changepoint_constant,missing
ZTF19aamgghn,constant,changepoint_1,changepoint_1_constant,missing
ZTF19aamgghn,constant,matern32,matern32_constant,missing
ZTF19aamsetj,constant,gibbs,gibbs_constant,missing
ZTF19aamsetj,constant,changepoint,changepoint_constant,missing
ZTF19aamsetj,constant,changepoint_1,changepoint_1_constant,missing
ZTF19aamsetj,constant,matern32,matern32_constant,missing
ZTF19aanesgt,constant,gibbs,gibbs_constant,missing
ZTF19aanesgt,constant,changepoint,changepoint_constant,missing
ZTF19aanesgt,constant,changepoint_1,changepoint_1_constant,missing
ZTF19aanesgt,constant,matern32,matern32_constant,missing
ZTF19aanfukh,constant,gibbs,gibbs_constant,missing
ZTF19aanfukh,constant,changepoint,changepoint_constant,missing
ZTF19aanfukh,constant,changepoint_1,changepoint_1_constant,missing
ZTF19aanfukh,constant,matern32,matern32_constant,missing
ZTF19aanijpu,constant,gibbs,gibbs_constant,missing
ZTF19aanijpu,constant,changepoint,changepoint_constant,missing
ZTF19aanijpu,constant,changepoint_1,changepoint_1_constant,missing
ZTF19aanijpu,constant,matern32,matern32_constant,missing
ZTF19aaoxvfe,constant,gibbs,gibbs_constant,missing
ZTF19aaoxvfe,constant,changepoint,changepoint_constant,missing
ZTF19aaoxvfe,constant,changepoint_1,changepoint_1_constant,missing
ZTF19aaoxvfe,constant,matern32,matern32_constant,missing
ZTF19aarfyvc,constant,gibbs,gibbs_constant,missing
ZTF19aarfyvc,constant,changepoint,changepoint_constant,missing
ZTF19aarfyvc,constant,changepoint_1,changepoint_1_constant,missing
ZTF19aarfyvc,constant,matern32,matern32_constant,missing
ZTF19aarphwc,constant,gibbs,gibbs_constant,missing
ZTF19aarphwc,constant,changepoint,changepoint_constant,missing
ZTF19aarphwc,constant,changepoint_1,changepoint_1_constant,missing
ZTF19aarphwc,constant,matern32,matern32_constant,missing
ZTF19aatheus,constant,gibbs,gibbs_constant,missing
ZTF19aatheus,constant,changepoint,changepoint_constant,missing
ZTF19aatheus,constant,changepoint_1,changepoint_1_constant,missing
ZTF19aatheus,constant,matern32,matern32_constant,missing
ZTF19aavitlq,constant,gibbs,gibbs_constant,missing
ZTF19aavitlq,constant,changepoint,changepoint_constant,missing
ZTF19aavitlq,constant,changepoint_1,changepoint_1_constant,missing
ZTF19aavitlq,constant,matern32,matern32_constant,missing
ZTF19aavouyw,constant,gibbs,gibbs_constant,missing
ZTF19aavouyw,constant,changepoint,changepoint_constant,missing
ZTF19aavouyw,constant,changepoint_1,changepoint_1_constant,missing
ZTF19aavouyw,constant,matern32,matern32_constant,missing
ZTF19aavoweu,constant,gibbs,gibbs_constant,missing
ZTF19aavoweu,constant,changepoint,changepoint_constant,missing
ZTF19aavoweu,constant,changepoint_1,changepoint_1_constant,missing
ZTF19aavoweu,constant,matern32,matern32_constant,missing
ZTF19aawfbtg,constant,gibbs,gibbs_constant,missing
ZTF19aawfbtg,constant,changepoint,changepoint_constant,missing
ZTF19aawfbtg,constant,changepoint_1,changepoint_1_constant,missing
ZTF19aawfbtg,constant,matern32,matern32_constant,missing
ZTF19aawhzsh,constant,gibbs,gibbs_constant,missing
ZTF19aawhzsh,constant,changepoint,changepoint_constant,missing
ZTF19aawhzsh,constant,changepoint_1,changepoint_1_constant,missing
ZTF19aawhzsh,constant,matern32,matern32_constant,missing
ZTF19aawqcgy,constant,gibbs,gibbs_constant,missing
ZTF19aawqcgy,constant,changepoint,changepoint_constant,missing
ZTF19aawqcgy,constant,changepoint_1,changepoint_1_constant,missing
ZTF19aawqcgy,constant,matern32,matern32_constant,missing
ZTF19aawsday,constant,gibbs,gibbs_constant,missing
ZTF19aawsday,constant,changepoint,changepoint_constant,missing
ZTF19aawsday,constant,changepoint_1,changepoint_1_constant,missing
ZTF19aawsday,constant,matern32,matern32_constant,missing
ZTF19aaxfcpq,constant,gibbs,gibbs_constant,missing
ZTF19aaxfcpq,constant,changepoint,changepoint_constant,missing
ZTF19aaxfcpq,constant,changepoint_1,changepoint_1_constant,missing
ZTF19aaxfcpq,constant,matern32,matern32_constant,missing
ZTF19aaxzdtw,constant,gibbs,gibbs_constant,missing
ZTF19aaxzdtw,constant,changepoint,changepoint_constant,missing
ZTF19aaxzdtw,constant,changepoint_1,changepoint_1_constant,missing
ZTF19aaxzdtw,constant,matern32,matern32_constant,missing
ZTF19abafmwj,constant,gibbs,gibbs_constant,missing
ZTF19abafmwj,constant,changepoint,changepoint_constant,missing
ZTF19abafmwj,constant,changepoint_1,changepoint_1_constant,missing
ZTF19abafmwj,constant,matern32,matern32_constant,missing
ZTF19abauylg,constant,gibbs,gibbs_constant,missing
ZTF19abauylg,constant,changepoint,changepoint_constant,missing
ZTF19abauylg,constant,changepoint_1,changepoint_1_constant,missing
ZTF19abauylg,constant,matern32,matern32_constant,missing
ZTF19abcegvm,constant,gibbs,gibbs_constant,missing
ZTF19abcegvm,constant,changepoint,changepoint_constant,missing
ZTF19abcegvm,constant,changepoint_1,changepoint_1_constant,missing
ZTF19abcegvm,constant,matern32,matern32_constant,missing
ZTF19abdoior,constant,gibbs,gibbs_constant,missing
ZTF19abdoior,constant,changepoint,changepoint_constant,missing
ZTF19abdoior,constant,changepoint_1,changepoint_1_constant,missing
ZTF19abdoior,constant,matern32,matern32_constant,missing
ZTF19abfiqjg,constant,gibbs,gibbs_constant,missing
ZTF19abfiqjg,constant,changepoint,changepoint_constant,missing
ZTF19abfiqjg,constant,changepoint_1,changepoint_1_constant,missing
ZTF19abfiqjg,constant,matern32,matern32_constant,missing
ZTF19abfsxpw,constant,gibbs,gibbs_constant,missing
ZTF19abfsxpw,constant,changepoint,changepoint_constant,missing
ZTF19abfsxpw,constant,changepoint_1,changepoint_1_constant,missing
ZTF19abfsxpw,constant,matern32,matern32_constant,missing
ZTF19abfvnns,constant,gibbs,gibbs_constant,missing
ZTF19abfvnns,constant,changepoint,changepoint_constant,missing
ZTF19abfvnns,constant,changepoint_1,changepoint_1_constant,missing
ZTF19abfvnns,constant,matern32,matern32_constant,missing
ZTF19ablesob,constant,gibbs,gibbs_constant,missing
ZTF19ablesob,constant,changepoint,changepoint_constant,missing
ZTF19ablesob,constant,changepoint_1,changepoint_1_constant,missing
ZTF19ablesob,constant,matern32,matern32_constant,missing
ZTF19abnacvf,constant,gibbs,gibbs_constant,missing
ZTF19abnacvf,constant,changepoint,changepoint_constant,missing
ZTF19abnacvf,constant,changepoint_1,changepoint_1_constant,missing
ZTF19abnacvf,constant,matern32,matern32_constant,missing
ZTF19abpbopt,constant,gibbs,gibbs_constant,missing
ZTF19abpbopt,constant,changepoint,changepoint_constant,missing
ZTF19abpbopt,constant,changepoint_1,changepoint_1_constant,missing
ZTF19abpbopt,constant,matern32,matern32_constant,missing
ZTF19abqmsbk,constant,gibbs,gibbs_constant,missing
ZTF19abqmsbk,constant,changepoint,changepoint_constant,missing
ZTF19abqmsbk,constant,changepoint_1,changepoint_1_constant,missing
ZTF19abqmsbk,constant,matern32,matern32_constant,missing
ZTF19abqqrgy,constant,gibbs,gibbs_constant,missing
ZTF19abqqrgy,constant,changepoint,changepoint_constant,missing
ZTF19abqqrgy,constant,changepoint_1,changepoint_1_constant,missing
ZTF19abqqrgy,constant,matern32,matern32_constant,missing
ZTF19abqshry,constant,gibbs,gibbs_constant,missing
ZTF19abqshry,constant,changepoint,changepoint_constant,missing
ZTF19abqshry,constant,changepoint_1,changepoint_1_constant,missing
ZTF19abqshry,constant,matern32,matern32_constant,missing
ZTF19abqwtfu,constant,gibbs,gibbs_constant,missing
ZTF19abqwtfu,constant,changepoint,changepoint_constant,missing
ZTF19abqwtfu,constant,changepoint_1,changepoint_1_constant,missing
ZTF19abqwtfu,constant,matern32,matern32_constant,missing
ZTF19abqxibq,constant,gibbs,gibbs_constant,missing
ZTF19abqxibq,constant,changepoint,changepoint_constant,missing
ZTF19abqxibq,constant,changepoint_1,changepoint_1_constant,missing
ZTF19abqxibq,constant,matern32,matern32_constant,missing
ZTF19abtsnyy,constant,gibbs,gibbs_constant,missing
ZTF19abtsnyy,constant,changepoint,changepoint_constant,missing
ZTF19abtsnyy,constant,changepoint_1,changepoint_1_constant,missing
ZTF19abtsnyy,constant,matern32,matern32_constant,missing
ZTF19abupned,constant,gibbs,gibbs_constant,missing
ZTF19abupned,constant,changepoint,changepoint_constant,missing
ZTF19abupned,constant,changepoint_1,changepoint_1_constant,missing
ZTF19abupned,constant,matern32,matern32_constant,missing
ZTF19abvdgqo,constant,gibbs,gibbs_constant,missing
ZTF19abvdgqo,constant,changepoint,changepoint_constant,missing
ZTF19abvdgqo,constant,changepoint_1,changepoint_1_constant,missing
ZTF19abvdgqo,constant,matern32,matern32_constant,missing
ZTF19abzqywg,constant,gibbs,gibbs_constant,missing
ZTF19abzqywg,constant,changepoint,changepoint_constant,missing
ZTF19abzqywg,constant,changepoint_1,changepoint_1_constant,missing
ZTF19abzqywg,constant,matern32,matern32_constant,missing
ZTF19abztknu,constant,gibbs,gibbs_constant,missing
ZTF19abztknu,constant,changepoint,changepoint_constant,missing
ZTF19abztknu,constant,changepoint_1,changepoint_1_constant,missing
ZTF19abztknu,constant,matern32,matern32_constant,missing
ZTF19abzwaen,constant,gibbs,gibbs_constant,missing
ZTF19abzwaen,constant,changepoint,changepoint_constant,missing
ZTF19abzwaen,constant,changepoint_1,changepoint_1_constant,missing
ZTF19abzwaen,constant,matern32,matern32_constant,missing
ZTF19acbmojx,constant,gibbs,gibbs_constant,missing
ZTF19acbmojx,constant,changepoint,changepoint_constant,missing
ZTF19acbmojx,constant,changepoint_1,changepoint_1_constant,missing
ZTF19acbmojx,constant,matern32,matern32_constant,missing
ZTF19acbonaa,constant,gibbs,gibbs_constant,missing
ZTF19acbonaa,constant,changepoint,changepoint_constant,missing
ZTF19acbonaa,constant,changepoint_1,changepoint_1_constant,missing
ZTF19acbonaa,constant,matern32,matern32_constant,missing
ZTF19acdabep,constant,gibbs,gibbs_constant,missing
ZTF19acdabep,constant,changepoint,changepoint_constant,missing
ZTF19acdabep,constant,changepoint_1,changepoint_1_constant,missing
ZTF19acdabep,constant,matern32,matern32_constant,missing
ZTF19aceqjqw,constant,gibbs,gibbs_constant,missing
ZTF19aceqjqw,constant,changepoint,changepoint_constant,missing
ZTF19aceqjqw,constant,changepoint_1,changepoint_1_constant,missing
ZTF19aceqjqw,constant,matern32,matern32_constant,missing
ZTF19aceqvhl,constant,gibbs,gibbs_constant,missing
ZTF19aceqvhl,constant,changepoint,changepoint_constant,missing
ZTF19aceqvhl,constant,changepoint_1,changepoint_1_constant,missing
ZTF19aceqvhl,constant,matern32,matern32_constant,missing
ZTF19acfwynw,constant,gibbs,gibbs_constant,missing
ZTF19acfwynw,constant,changepoint,changepoint_constant,missing
ZTF19acfwynw,constant,changepoint_1,changepoint_1_constant,missing
ZTF19acfwynw,constant,matern32,matern32_constant,missing
ZTF19acgjosf,constant,gibbs,gibbs_constant,missing
ZTF19acgjosf,constant,changepoint,changepoint_constant,missing
ZTF19acgjosf,constant,changepoint_1,changepoint_1_constant,missing
ZTF19acgjosf,constant,matern32,matern32_constant,missing
ZTF19acgjpgh,constant,gibbs,gibbs_constant,missing
ZTF19acgjpgh,constant,changepoint,changepoint_constant,missing
ZTF19acgjpgh,constant,changepoint_1,changepoint_1_constant,missing
ZTF19acgjpgh,constant,matern32,matern32_constant,missing
ZTF19ackjjwf,constant,gibbs,gibbs_constant,missing
ZTF19ackjjwf,constant,changepoint,changepoint_constant,missing
ZTF19ackjjwf,constant,changepoint_1,changepoint_1_constant,missing
ZTF19ackjjwf,constant,matern32,matern32_constant,missing
ZTF19ackjrru,constant,gibbs,gibbs_constant,missing
ZTF19ackjrru,constant,changepoint,changepoint_constant,missing
ZTF19ackjrru,constant,changepoint_1,changepoint_1_constant,missing
ZTF19ackjrru,constant,matern32,matern32_constant,missing
ZTF19acllsbq,constant,gibbs,gibbs_constant,missing
ZTF19acllsbq,constant,changepoint,changepoint_constant,missing
ZTF19acllsbq,constant,changepoint_1,changepoint_1_constant,missing
ZTF19acllsbq,constant,matern32,matern32_constant,missing
ZTF19acmelor,constant,gibbs,gibbs_constant,missing
ZTF19acmelor,constant,changepoint,changepoint_constant,missing
ZTF19acmelor,constant,changepoint_1,changepoint_1_constant,missing
ZTF19acmelor,constant,matern32,matern32_constant,missing
ZTF19acxmpnz,constant,gibbs,gibbs_constant,missing
ZTF19acxmpnz,constant,changepoint,changepoint_constant,missing
ZTF19acxmpnz,constant,changepoint_1,changepoint_1_constant,missing
ZTF19acxmpnz,constant,matern32,matern32_constant,missing
ZTF19acyogrm,constant,gibbs,gibbs_constant,missing
ZTF19acyogrm,constant,changepoint,changepoint_constant,missing
ZTF19acyogrm,constant,changepoint_1,changepoint_1_constant,missing
ZTF19acyogrm,constant,matern32,matern32_constant,missing
ZTF19adaivcf,constant,gibbs,gibbs_constant,missing
ZTF19adaivcf,constant,changepoint,changepoint_constant,missing
ZTF19adaivcf,constant,changepoint_1,changepoint_1_constant,missing
ZTF19adaivcf,constant,matern32,matern32_constant,missing
ZTF19adcfsad,constant,gibbs,gibbs_constant,missing
ZTF19adcfsad,constant,changepoint,changepoint_constant,missing
ZTF19adcfsad,constant,changepoint_1,changepoint_1_constant,missing
ZTF19adcfsad,constant,matern32,matern32_constant,missing
ZTF20aadzbcf,constant,gibbs,gibbs_constant,missing
ZTF20aadzbcf,constant,changepoint,changepoint_constant,missing
ZTF20aadzbcf,constant,changepoint_1,changepoint_1_constant,missing
ZTF20aadzbcf,constant,matern32,matern32_constant,missing
ZTF20aaekkuv,constant,gibbs,gibbs_constant,missing
ZTF20aaekkuv,constant,changepoint,changepoint_constant,missing
ZTF20aaekkuv,constant,changepoint_1,changepoint_1_constant,missing
ZTF20aaekkuv,constant,matern32,matern32_constant,missing
ZTF20aaelulu,constant,gibbs,gibbs_constant,missing
ZTF20aaelulu,constant,changepoint,changepoint_constant,missing
ZTF20aaelulu,constant,changepoint_1,changepoint_1_constant,missing
ZTF20aaelulu,constant,matern32,matern32_constant,missing
ZTF20aaertpj,constant,gibbs,gibbs_constant,missing
ZTF20aaertpj,constant,changepoint,changepoint_constant,missing
ZTF20aaertpj,constant,changepoint_1,changepoint_1_constant,missing
ZTF20aaertpj,constant,matern32,matern32_constant,missing
ZTF20aaetirf,constant,gibbs,gibbs_constant,missing
ZTF20aaetirf,constant,changepoint,changepoint_constant,missing
ZTF20aaetirf,constant,changepoint_1,changepoint_1_constant,missing
ZTF20aaetirf,constant,matern32,matern32_constant,missing
ZTF20aafmdzj,constant,gibbs,gibbs_constant,missing
ZTF20aafmdzj,constant,changepoint,changepoint_constant,missing
ZTF20aafmdzj,constant,changepoint_1,changepoint_1_constant,missing
ZTF20aafmdzj,constant,matern32,matern32_constant,missing
ZTF20aagewqr,constant,gibbs,gibbs_constant,missing
ZTF20aagewqr,constant,changepoint,changepoint_constant,missing
ZTF20aagewqr,constant,changepoint_1,changepoint_1_constant,missing
ZTF20aagewqr,constant,matern32,matern32_constant,missing
ZTF20aahbfmf,constant,gibbs,gibbs_constant,missing
ZTF20aahbfmf,constant,changepoint,changepoint_constant,missing
ZTF20aahbfmf,constant,changepoint_1,changepoint_1_constant,missing
ZTF20aahbfmf,constant,matern32,matern32_constant,missing
ZTF20aaiahra,constant,gibbs,gibbs_constant,missing
ZTF20aaiahra,constant,changepoint,changepoint_constant,missing
ZTF20aaiahra,constant,changepoint_1,changepoint_1_constant,missing
ZTF20aaiahra,constant,matern32,matern32_constant,missing
ZTF20aaiftgi,constant,gibbs,gibbs_constant,missing
ZTF20aaiftgi,constant,changepoint,changepoint_constant,missing
ZTF20aaiftgi,constant,changepoint_1,changepoint_1_constant,missing
ZTF20aaiftgi,constant,matern32,matern32_constant,missing
ZTF20aaifybu,constant,gibbs,gibbs_constant,missing
ZTF20aaifybu,constant,changepoint,changepoint_constant,missing
ZTF20aaifybu,constant,changepoint_1,changepoint_1_constant,missing
ZTF20aaifybu,constant,matern32,matern32_constant,missing
ZTF20aaiqiti,constant,gibbs,gibbs_constant,missing
ZTF20aaiqiti,constant,changepoint,changepoint_constant,missing
ZTF20aaiqiti,constant,changepoint_1,changepoint_1_constant,missing
ZTF20aaiqiti,constant,matern32,matern32_constant,missing
ZTF20aajcdad,constant,gibbs,gibbs_constant,missing
ZTF20aajcdad,constant,changepoint,changepoint_constant,missing
ZTF20aajcdad,constant,changepoint_1,changepoint_1_constant,missing
ZTF20aajcdad,constant,matern32,matern32_constant,missing
ZTF20aakodyh,constant,gibbs,gibbs_constant,missing
ZTF20aakodyh,constant,changepoint,changepoint_constant,missing
ZTF20aakodyh,constant,changepoint_1,changepoint_1_constant,missing
ZTF20aakodyh,constant,matern32,matern32_constant,missing
ZTF20aalcyih,constant,gibbs,gibbs_constant,missing
ZTF20aalcyih,constant,changepoint,changepoint_constant,missing
ZTF20aalcyih,constant,changepoint_1,changepoint_1_constant,missing
ZTF20aalcyih,constant,matern32,matern32_constant,missing
ZTF20aalxlis,constant,gibbs,gibbs_constant,missing
ZTF20aalxlis,constant,changepoint,changepoint_constant,missing
ZTF20aalxlis,constant,changepoint_1,changepoint_1_constant,missing
ZTF20aalxlis,constant,matern32,matern32_constant,missing
ZTF20aamdyln,constant,gibbs,gibbs_constant,missing
ZTF20aamdyln,constant,changepoint,changepoint_constant,missing
ZTF20aamdyln,constant,changepoint_1,changepoint_1_constant,missing
ZTF20aamdyln,constant,matern32,matern32_constant,missing
ZTF20aammtwx,constant,gibbs,gibbs_constant,missing
ZTF20aammtwx,constant,changepoint,changepoint_constant,missing
ZTF20aammtwx,constant,changepoint_1,changepoint_1_constant,missing
ZTF20aammtwx,constant,matern32,matern32_constant,missing
ZTF20aamqmhj,constant,gibbs,gibbs_constant,missing
ZTF20aamqmhj,constant,changepoint,changepoint_constant,missing
ZTF20aamqmhj,constant,changepoint_1,changepoint_1_constant,missing
ZTF20aamqmhj,constant,matern32,matern32_constant,missing
ZTF20aanvmdt,constant,gibbs,gibbs_constant,missing
ZTF20aanvmdt,constant,changepoint,changepoint_constant,missing
ZTF20aanvmdt,constant,changepoint_1,changepoint_1_constant,missing
ZTF20aanvmdt,constant,matern32,matern32_constant,missing
ZTF20aaoflta,constant,gibbs,gibbs_constant,missing
ZTF20aaoflta,constant,changepoint,changepoint_constant,missing
ZTF20aaoflta,constant,changepoint_1,changepoint_1_constant,missing
ZTF20aaoflta,constant,matern32,matern32_constant,missing
ZTF20aapcbmc,constant,gibbs,gibbs_constant,missing
ZTF20aapcbmc,constant,changepoint,changepoint_constant,missing
ZTF20aapcbmc,constant,changepoint_1,changepoint_1_constant,missing
ZTF20aapcbmc,constant,matern32,matern32_constant,missing
ZTF20aattyuz,constant,gibbs,gibbs_constant,missing
ZTF20aattyuz,constant,changepoint,changepoint_constant,missing
ZTF20aattyuz,constant,changepoint_1,changepoint_1_constant,missing
ZTF20aattyuz,constant,matern32,matern32_constant,missing
ZTF20aaurexl,constant,gibbs,gibbs_constant,missing
ZTF20aaurexl,constant,changepoint,changepoint_constant,missing
ZTF20aaurexl,constant,changepoint_1,changepoint_1_constant,missing
ZTF20aaurexl,constant,matern32,matern32_constant,missing
ZTF20aaurfnl,constant,gibbs,gibbs_constant,missing
ZTF20aaurfnl,constant,changepoint,changepoint_constant,missing
ZTF20aaurfnl,constant,changepoint_1,changepoint_1_constant,missing
ZTF20aaurfnl,constant,matern32,matern32_constant,missing
ZTF20aavcvrm,constant,gibbs,gibbs_constant,missing
ZTF20aavcvrm,constant,changepoint,changepoint_constant,missing
ZTF20aavcvrm,constant,changepoint_1,changepoint_1_constant,missing
ZTF20aavcvrm,constant,matern32,matern32_constant,missing
ZTF20aavgcnu,constant,gibbs,gibbs_constant,missing
ZTF20aavgcnu,constant,changepoint,changepoint_constant,missing
ZTF20aavgcnu,constant,changepoint_1,changepoint_1_constant,missing
ZTF20aavgcnu,constant,matern32,matern32_constant,missing
ZTF20aavhyel,constant,gibbs,gibbs_constant,missing
ZTF20aavhyel,constant,changepoint,changepoint_constant,missing
ZTF20aavhyel,constant,changepoint_1,changepoint_1_constant,missing
ZTF20aavhyel,constant,matern32,matern32_constant,missing
ZTF20aavzffg,constant,gibbs,gibbs_constant,missing
ZTF20aavzffg,constant,changepoint,changepoint_constant,missing
ZTF20aavzffg,constant,changepoint_1,changepoint_1_constant,missing
ZTF20aavzffg,constant,matern32,matern32_constant,missing
ZTF20aaxvzja,constant,gibbs,gibbs_constant,missing
ZTF20aaxvzja,constant,changepoint,changepoint_constant,missing
ZTF20aaxvzja,constant,changepoint_1,changepoint_1_constant,missing
ZTF20aaxvzja,constant,matern32,matern32_constant,missing
ZTF20aazkjfv,constant,gibbs,gibbs_constant,missing
ZTF20aazkjfv,constant,changepoint,changepoint_constant,missing
ZTF20aazkjfv,constant,changepoint_1,changepoint_1_constant,missing
ZTF20aazkjfv,constant,matern32,matern32_constant,missing
ZTF20aazpyhy,constant,gibbs,gibbs_constant,missing
ZTF20aazpyhy,constant,changepoint,changepoint_constant,missing
ZTF20aazpyhy,constant,changepoint_1,changepoint_1_constant,missing
ZTF20aazpyhy,constant,matern32,matern32_constant,missing
ZTF20abaszgh,constant,gibbs,gibbs_constant,missing
ZTF20abaszgh,constant,changepoint,changepoint_constant,missing
ZTF20abaszgh,constant,changepoint_1,changepoint_1_constant,missing
ZTF20abaszgh,constant,matern32,matern32_constant,missing
ZTF20abbpkng,constant,gibbs,gibbs_constant,missing
ZTF20abbpkng,constant,changepoint,changepoint_constant,missing
ZTF20abbpkng,constant,changepoint_1,changepoint_1_constant,missing
ZTF20abbpkng,constant,matern32,matern32_constant,missing
ZTF20abbplei,constant,gibbs,gibbs_constant,missing
ZTF20abbplei,constant,changepoint,changepoint_constant,missing
ZTF20abbplei,constant,changepoint_1,changepoint_1_constant,missing
ZTF20abbplei,constant,matern32,matern32_constant,missing
ZTF20abcjdwu,constant,gibbs,gibbs_constant,missing
ZTF20abcjdwu,constant,changepoint,changepoint_constant,missing
ZTF20abcjdwu,constant,changepoint_1,changepoint_1_constant,missing
ZTF20abcjdwu,constant,matern32,matern32_constant,missing
ZTF20abdnpdo,constant,gibbs,gibbs_constant,missing
ZTF20abdnpdo,constant,changepoint,changepoint_constant,missing
ZTF20abdnpdo,constant,changepoint_1,changepoint_1_constant,missing
ZTF20abdnpdo,constant,matern32,matern32_constant,missing
ZTF20abefbpl,constant,gibbs,gibbs_constant,missing
ZTF20abefbpl,constant,changepoint,changepoint_constant,missing
ZTF20abefbpl,constant,changepoint_1,changepoint_1_constant,missing
ZTF20abefbpl,constant,matern32,matern32_constant,missing
ZTF20abhlncz,constant,gibbs,gibbs_constant,missing
ZTF20abhlncz,constant,changepoint,changepoint_constant,missing
ZTF20abhlncz,constant,changepoint_1,changepoint_1_constant,missing
ZTF20abhlncz,constant,matern32,matern32_constant,missing
ZTF20abjpvce,constant,gibbs,gibbs_constant,missing
ZTF20abjpvce,constant,changepoint,changepoint_constant,missing
ZTF20abjpvce,constant,changepoint_1,changepoint_1_constant,missing
ZTF20abjpvce,constant,matern32,matern32_constant,missing
ZTF20abkiarz,constant,gibbs,gibbs_constant,missing
ZTF20abkiarz,constant,changepoint,changepoint_constant,missing
ZTF20abkiarz,constant,changepoint_1,changepoint_1_constant,missing
ZTF20abkiarz,constant,matern32,matern32_constant,missing
ZTF20abobpcb,constant,gibbs,gibbs_constant,missing
ZTF20abobpcb,constant,changepoint,changepoint_constant,missing
ZTF20abobpcb,constant,changepoint_1,changepoint_1_constant,missing
ZTF20abobpcb,constant,matern32,matern32_constant,missing
ZTF20aborzxc,constant,gibbs,gibbs_constant,missing
ZTF20aborzxc,constant,changepoint,changepoint_constant,missing
ZTF20aborzxc,constant,changepoint_1,changepoint_1_constant,missing
ZTF20aborzxc,constant,matern32,matern32_constant,missing
ZTF20abpuwxl,constant,gibbs,gibbs_constant,missing
ZTF20abpuwxl,constant,changepoint,changepoint_constant,missing
ZTF20abpuwxl,constant,changepoint_1,changepoint_1_constant,missing
ZTF20abpuwxl,constant,matern32,matern32_constant,missing
ZTF20abqdkne,constant,gibbs,gibbs_constant,missing
ZTF20abqdkne,constant,changepoint,changepoint_constant,missing
ZTF20abqdkne,constant,changepoint_1,changepoint_1_constant,missing
ZTF20abqdkne,constant,matern32,matern32_constant,missing
ZTF20abrcnbr,constant,gibbs,gibbs_constant,missing
ZTF20abrcnbr,constant,changepoint,changepoint_constant,missing
ZTF20abrcnbr,constant,changepoint_1,changepoint_1_constant,missing
ZTF20abrcnbr,constant,matern32,matern32_constant,missing
ZTF20abrmmah,constant,gibbs,gibbs_constant,missing
ZTF20abrmmah,constant,changepoint,changepoint_constant,missing
ZTF20abrmmah,constant,changepoint_1,changepoint_1_constant,missing
ZTF20abrmmah,constant,matern32,matern32_constant,missing
ZTF20abswdbg,constant,gibbs,gibbs_constant,missing
ZTF20abswdbg,constant,changepoint,changepoint_constant,missing
ZTF20abswdbg,constant,changepoint_1,changepoint_1_constant,missing
ZTF20abswdbg,constant,matern32,matern32_constant,missing
ZTF20abtkjfw,constant,gibbs,gibbs_constant,missing
ZTF20abtkjfw,constant,changepoint,changepoint_constant,missing
ZTF20abtkjfw,constant,changepoint_1,changepoint_1_constant,missing
ZTF20abtkjfw,constant,matern32,matern32_constant,missing
ZTF20abusrwm,constant,gibbs,gibbs_constant,missing
ZTF20abusrwm,constant,changepoint,changepoint_constant,missing
ZTF20abusrwm,constant,changepoint_1,changepoint_1_constant,missing
ZTF20abusrwm,constant,matern32,matern32_constant,missing
ZTF20abvquuo,constant,gibbs,gibbs_constant,missing
ZTF20abvquuo,constant,changepoint,changepoint_constant,missing
ZTF20abvquuo,constant,changepoint_1,changepoint_1_constant,missing
ZTF20abvquuo,constant,matern32,matern32_constant,missing
ZTF20abvvnqh,constant,gibbs,gibbs_constant,missing
ZTF20abvvnqh,constant,changepoint,changepoint_constant,missing
ZTF20abvvnqh,constant,changepoint_1,changepoint_1_constant,missing
ZTF20abvvnqh,constant,matern32,matern32_constant,missing
ZTF20abwxywy,constant,gibbs,gibbs_constant,missing
ZTF20abwxywy,constant,changepoint,changepoint_constant,missing
ZTF20abwxywy,constant,changepoint_1,changepoint_1_constant,missing
ZTF20abwxywy,constant,matern32,matern32_constant,missing
ZTF20abxpoxd,constant,gibbs,gibbs_constant,missing
ZTF20abxpoxd,constant,changepoint,changepoint_constant,missing
ZTF20abxpoxd,constant,changepoint_1,changepoint_1_constant,missing
ZTF20abxpoxd,constant,matern32,matern32_constant,missing
ZTF20abysxbk,constant,gibbs,gibbs_constant,missing
ZTF20abysxbk,constant,changepoint,changepoint_constant,missing
ZTF20abysxbk,constant,changepoint_1,changepoint_1_constant,missing
ZTF20abysxbk,constant,matern32,matern32_constant,missing
ZTF20abywsut,constant,gibbs,gibbs_constant,missing
ZTF20abywsut,constant,changepoint,changepoint_constant,missing
ZTF20abywsut,constant,changepoint_1,changepoint_1_constant,missing
ZTF20abywsut,constant,matern32,matern32_constant,missing
ZTF20abzjcdg,constant,gibbs,gibbs_constant,missing
ZTF20abzjcdg,constant,changepoint,changepoint_constant,missing
ZTF20abzjcdg,constant,changepoint_1,changepoint_1_constant,missing
ZTF20abzjcdg,constant,matern32,matern32_constant,missing
ZTF20abzoeiw,constant,gibbs,gibbs_constant,missing
ZTF20abzoeiw,constant,changepoint,changepoint_constant,missing
ZTF20abzoeiw,constant,changepoint_1,changepoint_1_constant,missing
ZTF20abzoeiw,constant,matern32,matern32_constant,missing
ZTF20accbsxa,constant,gibbs,gibbs_constant,missing
ZTF20accbsxa,constant,changepoint,changepoint_constant,missing
ZTF20accbsxa,constant,changepoint_1,changepoint_1_constant,missing
ZTF20accbsxa,constant,matern32,matern32_constant,missing
ZTF20acfqngt,constant,gibbs,gibbs_constant,missing
ZTF20acfqngt,constant,changepoint,changepoint_constant,missing
ZTF20acfqngt,constant,changepoint_1,changepoint_1_constant,missing
ZTF20acfqngt,constant,matern32,matern32_constant,missing
ZTF20achvlbs,constant,gibbs,gibbs_constant,missing
ZTF20achvlbs,constant,changepoint,changepoint_constant,missing
ZTF20achvlbs,constant,changepoint_1,changepoint_1_constant,missing
ZTF20achvlbs,constant,matern32,matern32_constant,missing
ZTF20acjbzrh,constant,gibbs,gibbs_constant,missing
ZTF20acjbzrh,constant,changepoint,changepoint_constant,missing
ZTF20acjbzrh,constant,changepoint_1,changepoint_1_constant,missing
ZTF20acjbzrh,constant,matern32,matern32_constant,missing
ZTF20aclnplo,constant,gibbs,gibbs_constant,missing
ZTF20aclnplo,constant,changepoint,changepoint_constant,missing
ZTF20aclnplo,constant,changepoint_1,changepoint_1_constant,missing
ZTF20aclnplo,constant,matern32,matern32_constant,missing
ZTF20acphdcg,constant,gibbs,gibbs_constant,missing
ZTF20acphdcg,constant,changepoint,changepoint_constant,missing
ZTF20acphdcg,constant,changepoint_1,changepoint_1_constant,missing
ZTF20acphdcg,constant,matern32,matern32_constant,missing
ZTF20acpjqxp,constant,gibbs,gibbs_constant,missing
ZTF20acpjqxp,constant,changepoint,changepoint_constant,missing
ZTF20acpjqxp,constant,changepoint_1,changepoint_1_constant,missing
ZTF20acpjqxp,constant,matern32,matern32_constant,missing
ZTF20acpyldh,constant,gibbs,gibbs_constant,missing
ZTF20acpyldh,constant,changepoint,changepoint_constant,missing
ZTF20acpyldh,constant,changepoint_1,changepoint_1_constant,missing
ZTF20acpyldh,constant,matern32,matern32_constant,missing
ZTF20acpzaoa,constant,gibbs,gibbs_constant,missing
ZTF20acpzaoa,constant,changepoint,changepoint_constant,missing
ZTF20acpzaoa,constant,changepoint_1,changepoint_1_constant,missing
ZTF20acpzaoa,constant,matern32,matern32_constant,missing
ZTF20actekrw,constant,gibbs,gibbs_constant,missing
ZTF20actekrw,constant,changepoint,changepoint_constant,missing
ZTF20actekrw,constant,changepoint_1,changepoint_1_constant,missing
ZTF20actekrw,constant,matern32,matern32_constant,missing
ZTF20actpqgc,constant,gibbs,gibbs_constant,missing
ZTF20actpqgc,constant,changepoint,changepoint_constant,missing
ZTF20actpqgc,constant,changepoint_1,changepoint_1_constant,missing
ZTF20actpqgc,constant,matern32,matern32_constant,missing
ZTF20acueziy,constant,gibbs,gibbs_constant,missing
ZTF20acueziy,constant,changepoint,changepoint_constant,missing
ZTF20acueziy,constant,changepoint_1,changepoint_1_constant,missing
ZTF20acueziy,constant,matern32,matern32_constant,missing
ZTF20acvcxkz,constant,gibbs,gibbs_constant,missing
ZTF20acvcxkz,constant,changepoint,changepoint_constant,missing
ZTF20acvcxkz,constant,changepoint_1,changepoint_1_constant,missing
ZTF20acvcxkz,constant,matern32,matern32_constant,missing
ZTF20acvebcu,constant,gibbs,gibbs_constant,missing
ZTF20acvebcu,constant,changepoint,changepoint_constant,missing
ZTF20acvebcu,constant,changepoint_1,changepoint_1_constant,missing
ZTF20acvebcu,constant,matern32,matern32_constant,missing
ZTF20acvmzfv,constant,gibbs,gibbs_constant,missing
ZTF20acvmzfv,constant,changepoint,changepoint_constant,missing
ZTF20acvmzfv,constant,changepoint_1,changepoint_1_constant,missing
ZTF20acvmzfv,constant,matern32,matern32_constant,missing
ZTF20acwofhd,constant,gibbs,gibbs_constant,missing
ZTF20acwofhd,constant,changepoint,changepoint_constant,missing
ZTF20acwofhd,constant,changepoint_1,changepoint_1_constant,missing
ZTF20acwofhd,constant,matern32,matern32_constant,missing
ZTF20acxqxyw,constant,gibbs,gibbs_constant,missing
ZTF20acxqxyw,constant,changepoint,changepoint_constant,missing
ZTF20acxqxyw,constant,changepoint_1,changepoint_1_constant,missing
ZTF20acxqxyw,constant,matern32,matern32_constant,missing
ZTF20adadrhw,constant,gibbs,gibbs_constant,missing
ZTF20adadrhw,constant,changepoint,changepoint_constant,missing
ZTF20adadrhw,constant,changepoint_1,changepoint_1_constant,missing
ZTF20adadrhw,constant,matern32,matern32_constant,missing
ZTF21aaaosoq,constant,gibbs,gibbs_constant,missing
ZTF21aaaosoq,constant,changepoint,changepoint_constant,missing
ZTF21aaaosoq,constant,changepoint_1,changepoint_1_constant,missing
ZTF21aaaosoq,constant,matern32,matern32_constant,missing
ZTF21aaarmti,constant,gibbs,gibbs_constant,missing
ZTF21aaarmti,constant,changepoint,changepoint_constant,missing
ZTF21aaarmti,constant,changepoint_1,changepoint_1_constant,missing
ZTF21aaarmti,constant,matern32,matern32_constant,missing
ZTF21aaaubig,constant,gibbs,gibbs_constant,missing
ZTF21aaaubig,constant,changepoint,changepoint_constant,missing
ZTF21aaaubig,constant,changepoint_1,changepoint_1_constant,missing
ZTF21aaaubig,constant,matern32,matern32_constant,missing
ZTF21aacufip,constant,gibbs,gibbs_constant,missing
ZTF21aacufip,constant,changepoint,changepoint_constant,missing
ZTF21aacufip,constant,changepoint_1,changepoint_1_constant,missing
ZTF21aacufip,constant,matern32,matern32_constant,missing
ZTF21aagpymw,constant,gibbs,gibbs_constant,missing
ZTF21aagpymw,constant,changepoint,changepoint_constant,missing
ZTF21aagpymw,constant,changepoint_1,changepoint_1_constant,missing
ZTF21aagpymw,constant,matern32,matern32_constant,missing
ZTF21aagtpro,constant,gibbs,gibbs_constant,missing
ZTF21aagtpro,constant,changepoint,changepoint_constant,missing
ZTF21aagtpro,constant,changepoint_1,changepoint_1_constant,missing
ZTF21aagtpro,constant,matern32,matern32_constant,missing
ZTF21aahdqrg,constant,gibbs,gibbs_constant,missing
ZTF21aahdqrg,constant,changepoint,changepoint_constant,missing
ZTF21aahdqrg,constant,changepoint_1,changepoint_1_constant,missing
ZTF21aahdqrg,constant,matern32,matern32_constant,missing
ZTF21aalhgqi,constant,gibbs,gibbs_constant,missing
ZTF21aalhgqi,constant,changepoint,changepoint_constant,missing
ZTF21aalhgqi,constant,changepoint_1,changepoint_1_constant,missing
ZTF21aalhgqi,constant,matern32,matern32_constant,missing
ZTF21aalhtgv,constant,gibbs,gibbs_constant,missing
ZTF21aalhtgv,constant,changepoint,changepoint_constant,missing
ZTF21aalhtgv,constant,changepoint_1,changepoint_1_constant,missing
ZTF21aalhtgv,constant,matern32,matern32_constant,missing
ZTF21aannoix,constant,gibbs,gibbs_constant,missing
ZTF21aannoix,constant,changepoint,changepoint_constant,missing
ZTF21aannoix,constant,changepoint_1,changepoint_1_constant,missing
ZTF21aannoix,constant,matern32,matern32_constant,missing
ZTF21aanvncv,constant,gibbs,gibbs_constant,missing
ZTF21aanvncv,constant,changepoint,changepoint_constant,missing
ZTF21aanvncv,constant,changepoint_1,changepoint_1_constant,missing
ZTF21aanvncv,constant,matern32,matern32_constant,missing
ZTF21aaocrlm,constant,gibbs,gibbs_constant,missing
ZTF21aaocrlm,constant,changepoint,changepoint_constant,missing
ZTF21aaocrlm,constant,changepoint_1,changepoint_1_constant,missing
ZTF21aaocrlm,constant,matern32,matern32_constant,missing
ZTF21aapecxb,constant,gibbs,gibbs_constant,missing
ZTF21aapecxb,constant,changepoint,changepoint_constant,missing
ZTF21aapecxb,constant,changepoint_1,changepoint_1_constant,missing
ZTF21aapecxb,constant,matern32,matern32_constant,missing
ZTF21aaqhhfu,constant,gibbs,gibbs_constant,missing
ZTF21aaqhhfu,constant,changepoint,changepoint_constant,missing
ZTF21aaqhhfu,constant,changepoint_1,changepoint_1_constant,missing
ZTF21aaqhhfu,constant,matern32,matern32_constant,missing
ZTF21aaqldsk,constant,gibbs,gibbs_constant,missing
ZTF21aaqldsk,constant,changepoint,changepoint_constant,missing
ZTF21aaqldsk,constant,changepoint_1,changepoint_1_constant,missing
ZTF21aaqldsk,constant,matern32,matern32_constant,missing
ZTF21aaqwfqe,constant,gibbs,gibbs_constant,missing
ZTF21aaqwfqe,constant,changepoint,changepoint_constant,missing
ZTF21aaqwfqe,constant,changepoint_1,changepoint_1_constant,missing
ZTF21aaqwfqe,constant,matern32,matern32_constant,missing
ZTF21aarmuxl,constant,gibbs,gibbs_constant,missing
ZTF21aarmuxl,constant,changepoint,changepoint_constant,missing
ZTF21aarmuxl,constant,changepoint_1,changepoint_1_constant,missing
ZTF21aarmuxl,constant,matern32,matern32_constant,missing
ZTF21aarnjyd,constant,gibbs,gibbs_constant,missing
ZTF21aarnjyd,constant,changepoint,changepoint_constant,missing
ZTF21aarnjyd,constant,changepoint_1,changepoint_1_constant,missing
ZTF21aarnjyd,constant,matern32,matern32_constant,missing
ZTF21aartgiv,constant,gibbs,gibbs_constant,missing
ZTF21aartgiv,constant,changepoint,changepoint_constant,missing
ZTF21aartgiv,constant,changepoint_1,changepoint_1_constant,missing
ZTF21aartgiv,constant,matern32,matern32_constant,missing
ZTF21aaufwyh,constant,gibbs,gibbs_constant,missing
ZTF21aaufwyh,constant,changepoint,changepoint_constant,missing
ZTF21aaufwyh,constant,changepoint_1,changepoint_1_constant,missing
ZTF21aaufwyh,constant,matern32,matern32_constant,missing
ZTF21aavdqgf,constant,gibbs,gibbs_constant,missing
ZTF21aavdqgf,constant,changepoint,changepoint_constant,missing
ZTF21aavdqgf,constant,changepoint_1,changepoint_1_constant,missing
ZTF21aavdqgf,constant,matern32,matern32_constant,missing
ZTF21aawogdl,constant,gibbs,gibbs_constant,missing
ZTF21aawogdl,constant,changepoint,changepoint_constant,missing
ZTF21aawogdl,constant,changepoint_1,changepoint_1_constant,missing
ZTF21aawogdl,constant,matern32,matern32_constant,missing
ZTF21aaxtctv,constant,gibbs,gibbs_constant,missing
ZTF21aaxtctv,constant,changepoint,changepoint_constant,missing
ZTF21aaxtctv,constant,changepoint_1,changepoint_1_constant,missing
ZTF21aaxtctv,constant,matern32,matern32_constant,missing
ZTF21aaxxihx,constant,gibbs,gibbs_constant,missing
ZTF21aaxxihx,constant,changepoint,changepoint_constant,missing
ZTF21aaxxihx,constant,changepoint_1,changepoint_1_constant,missing
ZTF21aaxxihx,constant,matern32,matern32_constant,missing
ZTF21aayqrgx,constant,gibbs,gibbs_constant,missing
ZTF21aayqrgx,constant,changepoint,changepoint_constant,missing
ZTF21aayqrgx,constant,changepoint_1,changepoint_1_constant,missing
ZTF21aayqrgx,constant,matern32,matern32_constant,missing
ZTF21abahiow,constant,gibbs,gibbs_constant,missing
ZTF21abahiow,constant,changepoint,changepoint_constant,missing
ZTF21abahiow,constant,changepoint_1,changepoint_1_constant,missing
ZTF21abahiow,constant,matern32,matern32_constant,missing
ZTF21abbqeea,constant,gibbs,gibbs_constant,missing
ZTF21abbqeea,constant,changepoint,changepoint_constant,missing
ZTF21abbqeea,constant,changepoint_1,changepoint_1_constant,missing
ZTF21abbqeea,constant,matern32,matern32_constant,missing
ZTF21abccaue,constant,gibbs,gibbs_constant,missing
ZTF21abccaue,constant,changepoint,changepoint_constant,missing
ZTF21abccaue,constant,changepoint_1,changepoint_1_constant,missing
ZTF21abccaue,constant,matern32,matern32_constant,missing
ZTF21abcgaln,constant,gibbs,gibbs_constant,missing
ZTF21abcgaln,constant,changepoint,changepoint_constant,missing
ZTF21abcgaln,constant,changepoint_1,changepoint_1_constant,missing
ZTF21abcgaln,constant,matern32,matern32_constant,missing
ZTF21abcgnql,constant,gibbs,gibbs_constant,missing
ZTF21abcgnql,constant,changepoint,changepoint_constant,missing
ZTF21abcgnql,constant,changepoint_1,changepoint_1_constant,missing
ZTF21abcgnql,constant,matern32,matern32_constant,missing
ZTF21abchjer,constant,gibbs,gibbs_constant,missing
ZTF21abchjer,constant,changepoint,changepoint_constant,missing
ZTF21abchjer,constant,changepoint_1,changepoint_1_constant,missing
ZTF21abchjer,constant,matern32,matern32_constant,missing
ZTF21abcpsjy,constant,gibbs,gibbs_constant,missing
ZTF21abcpsjy,constant,changepoint,changepoint_constant,missing
ZTF21abcpsjy,constant,changepoint_1,changepoint_1_constant,missing
ZTF21abcpsjy,constant,matern32,matern32_constant,missing
ZTF21abdkojo,constant,gibbs,gibbs_constant,missing
ZTF21abdkojo,constant,changepoint,changepoint_constant,missing
ZTF21abdkojo,constant,changepoint_1,changepoint_1_constant,missing
ZTF21abdkojo,constant,matern32,matern32_constant,missing
ZTF21abdxhgv,constant,gibbs,gibbs_constant,missing
ZTF21abdxhgv,constant,changepoint,changepoint_constant,missing
ZTF21abdxhgv,constant,changepoint_1,changepoint_1_constant,missing
ZTF21abdxhgv,constant,matern32,matern32_constant,missing
ZTF21abieuta,constant,gibbs,gibbs_constant,missing
ZTF21abieuta,constant,changepoint,changepoint_constant,missing
ZTF21abieuta,constant,changepoint_1,changepoint_1_constant,missing
ZTF21abieuta,constant,matern32,matern32_constant,missing
ZTF21abimeun,constant,gibbs,gibbs_constant,missing
ZTF21abimeun,constant,changepoint,changepoint_constant,missing
ZTF21abimeun,constant,changepoint_1,changepoint_1_constant,missing
ZTF21abimeun,constant,matern32,matern32_constant,missing
ZTF21abimnii,constant,gibbs,gibbs_constant,missing
ZTF21abimnii,constant,changepoint,changepoint_constant,missing
ZTF21abimnii,constant,changepoint_1,changepoint_1_constant,missing
ZTF21abimnii,constant,matern32,matern32_constant,missing
ZTF21abklcjq,constant,gibbs,gibbs_constant,missing
ZTF21abklcjq,constant,changepoint,changepoint_constant,missing
ZTF21abklcjq,constant,changepoint_1,changepoint_1_constant,missing
ZTF21abklcjq,constant,matern32,matern32_constant,missing
ZTF21abmjgwf,constant,gibbs,gibbs_constant,missing
ZTF21abmjgwf,constant,changepoint,changepoint_constant,missing
ZTF21abmjgwf,constant,changepoint_1,changepoint_1_constant,missing
ZTF21abmjgwf,constant,matern32,matern32_constant,missing
ZTF21abmlldj,constant,gibbs,gibbs_constant,missing
ZTF21abmlldj,constant,changepoint,changepoint_constant,missing
ZTF21abmlldj,constant,changepoint_1,changepoint_1_constant,missing
ZTF21abmlldj,constant,matern32,matern32_constant,missing
ZTF21abmxiuf,constant,gibbs,gibbs_constant,missing
ZTF21abmxiuf,constant,changepoint,changepoint_constant,missing
ZTF21abmxiuf,constant,changepoint_1,changepoint_1_constant,missing
ZTF21abmxiuf,constant,matern32,matern32_constant,missing
ZTF21abngbrl,constant,gibbs,gibbs_constant,missing
ZTF21abngbrl,constant,changepoint,changepoint_constant,missing
ZTF21abngbrl,constant,changepoint_1,changepoint_1_constant,missing
ZTF21abngbrl,constant,matern32,matern32_constant,missing
ZTF21abplhpw,constant,gibbs,gibbs_constant,missing
ZTF21abplhpw,constant,changepoint,changepoint_constant,missing
ZTF21abplhpw,constant,changepoint_1,changepoint_1_constant,missing
ZTF21abplhpw,constant,matern32,matern32_constant,missing
ZTF21abpwtde,constant,gibbs,gibbs_constant,missing
ZTF21abpwtde,constant,changepoint,changepoint_constant,missing
ZTF21abpwtde,constant,changepoint_1,changepoint_1_constant,missing
ZTF21abpwtde,constant,matern32,matern32_constant,missing
ZTF21abraccv,constant,gibbs,gibbs_constant,missing
ZTF21abraccv,constant,changepoint,changepoint_constant,missing
ZTF21abraccv,constant,changepoint_1,changepoint_1_constant,missing
ZTF21abraccv,constant,matern32,matern32_constant,missing
ZTF21abrqria,constant,gibbs,gibbs_constant,missing
ZTF21abrqria,constant,changepoint,changepoint_constant,missing
ZTF21abrqria,constant,changepoint_1,changepoint_1_constant,missing
ZTF21abrqria,constant,matern32,matern32_constant,missing
ZTF21abrqrsz,constant,gibbs,gibbs_constant,missing
ZTF21abrqrsz,constant,changepoint,changepoint_constant,missing
ZTF21abrqrsz,constant,changepoint_1,changepoint_1_constant,missing
ZTF21abrqrsz,constant,matern32,matern32_constant,missing
ZTF21absyjff,constant,gibbs,gibbs_constant,missing
ZTF21absyjff,constant,changepoint,changepoint_constant,missing
ZTF21absyjff,constant,changepoint_1,changepoint_1_constant,missing
ZTF21absyjff,constant,matern32,matern32_constant,missing
ZTF21abvcugy,constant,gibbs,gibbs_constant,missing
ZTF21abvcugy,constant,changepoint,changepoint_constant,missing
ZTF21abvcugy,constant,changepoint_1,changepoint_1_constant,missing
ZTF21abvcugy,constant,matern32,matern32_constant,missing
ZTF21abvcuhk,constant,gibbs,gibbs_constant,missing
ZTF21abvcuhk,constant,changepoint,changepoint_constant,missing
ZTF21abvcuhk,constant,changepoint_1,changepoint_1_constant,missing
ZTF21abvcuhk,constant,matern32,matern32_constant,missing
ZTF21acbnfos,constant,gibbs,gibbs_constant,missing
ZTF21acbnfos,constant,changepoint,changepoint_constant,missing
ZTF21acbnfos,constant,changepoint_1,changepoint_1_constant,missing
ZTF21acbnfos,constant,matern32,matern32_constant,missing
ZTF21accwovq,constant,gibbs,gibbs_constant,missing
ZTF21accwovq,constant,changepoint,changepoint_constant,missing
ZTF21accwovq,constant,changepoint_1,changepoint_1_constant,missing
ZTF21accwovq,constant,matern32,matern32_constant,missing
ZTF21acdqgns,constant,gibbs,gibbs_constant,missing
ZTF21acdqgns,constant,changepoint,changepoint_constant,missing
ZTF21acdqgns,constant,changepoint_1,changepoint_1_constant,missing
ZTF21acdqgns,constant,matern32,matern32_constant,missing
ZTF21acdxhuv,constant,gibbs,gibbs_constant,missing
ZTF21acdxhuv,constant,changepoint,changepoint_constant,missing
ZTF21acdxhuv,constant,changepoint_1,changepoint_1_constant,missing
ZTF21acdxhuv,constant,matern32,matern32_constant,missing
ZTF21aceehxt,constant,gibbs,gibbs_constant,missing
ZTF21aceehxt,constant,changepoint,changepoint_constant,missing
ZTF21aceehxt,constant,changepoint_1,changepoint_1_constant,missing
ZTF21aceehxt,constant,matern32,matern32_constant,missing
ZTF21acekmmm,constant,gibbs,gibbs_constant,missing
ZTF21acekmmm,constant,changepoint,changepoint_constant,missing
ZTF21acekmmm,constant,changepoint_1,changepoint_1_constant,missing
ZTF21acekmmm,constant,matern32,matern32_constant,missing
ZTF21acgxypn,constant,gibbs,gibbs_constant,missing
ZTF21acgxypn,constant,changepoint,changepoint_constant,missing
ZTF21acgxypn,constant,changepoint_1,changepoint_1_constant,missing
ZTF21acgxypn,constant,matern32,matern32_constant,missing
ZTF21achgfbk,constant,gibbs,gibbs_constant,missing
ZTF21achgfbk,constant,changepoint,changepoint_constant,missing
ZTF21achgfbk,constant,changepoint_1,changepoint_1_constant,missing
ZTF21achgfbk,constant,matern32,matern32_constant,missing
ZTF21aciuhqw,constant,gibbs,gibbs_constant,missing
ZTF21aciuhqw,constant,changepoint,changepoint_constant,missing
ZTF21aciuhqw,constant,changepoint_1,changepoint_1_constant,missing
ZTF21aciuhqw,constant,matern32,matern32_constant,missing
ZTF21aciwixf,constant,gibbs,gibbs_constant,missing
ZTF21aciwixf,constant,changepoint,changepoint_constant,missing
ZTF21aciwixf,constant,changepoint_1,changepoint_1_constant,missing
ZTF21aciwixf,constant,matern32,matern32_constant,missing
ZTF21acizqkx,constant,gibbs,gibbs_constant,missing
ZTF21acizqkx,constant,changepoint,changepoint_constant,missing
ZTF21acizqkx,constant,changepoint_1,changepoint_1_constant,missing
ZTF21acizqkx,constant,matern32,matern32_constant,missing
ZTF21acjxzsa,constant,gibbs,gibbs_constant,missing
ZTF21acjxzsa,constant,changepoint,changepoint_constant,missing
ZTF21acjxzsa,constant,changepoint_1,changepoint_1_constant,missing
ZTF21acjxzsa,constant,matern32,matern32_constant,missing
ZTF21aclzzhu,constant,gibbs,gibbs_constant,missing
ZTF21aclzzhu,constant,changepoint,changepoint_constant,missing
ZTF21aclzzhu,constant,changepoint_1,changepoint_1_constant,missing
ZTF21aclzzhu,constant,matern32,matern32_constant,missing
ZTF22aadeuwu,constant,gibbs,gibbs_constant,missing
ZTF22aadeuwu,constant,changepoint,changepoint_constant,missing
ZTF22aadeuwu,constant,changepoint_1,changepoint_1_constant,missing
ZTF22aadeuwu,constant,matern32,matern32_constant,missing
ZTF22aadnjsh,constant,gibbs,gibbs_constant,missing
ZTF22aadnjsh,constant,changepoint,changepoint_constant,missing
ZTF22aadnjsh,constant,changepoint_1,changepoint_1_constant,missing
ZTF22aadnjsh,constant,matern32,matern32_constant,missing
ZTF22aadoihx,constant,gibbs,gibbs_constant,missing
ZTF22aadoihx,constant,changepoint,changepoint_constant,missing
ZTF22aadoihx,constant,changepoint_1,changepoint_1_constant,missing
ZTF22aadoihx,constant,matern32,matern32_constant,missing
ZTF22aadqlhy,constant,gibbs,gibbs_constant,missing
ZTF22aadqlhy,constant,changepoint,changepoint_constant,missing
ZTF22aadqlhy,constant,changepoint_1,changepoint_1_constant,missing
ZTF22aadqlhy,constant,matern32,matern32_constant,missing
ZTF22aaebkwd,constant,gibbs,gibbs_constant,missing
ZTF22aaebkwd,constant,changepoint,changepoint_constant,missing
ZTF22aaebkwd,constant,changepoint_1,changepoint_1_constant,missing
ZTF22aaebkwd,constant,matern32,matern32_constant,missing
ZTF22aaezyos,constant,gibbs,gibbs_constant,missing
ZTF22aaezyos,constant,changepoint,changepoint_constant,missing
ZTF22aaezyos,constant,changepoint_1,changepoint_1_constant,missing
ZTF22aaezyos,constant,matern32,matern32_constant,missing
ZTF22aagzmcz,constant,gibbs,gibbs_constant,missing
ZTF22aagzmcz,constant,changepoint,changepoint_constant,missing
ZTF22aagzmcz,constant,changepoint_1,changepoint_1_constant,missing
ZTF22aagzmcz,constant,matern32,matern32_constant,missing
ZTF22aahxaiv,constant,gibbs,gibbs_constant,missing
ZTF22aahxaiv,constant,changepoint,changepoint_constant,missing
ZTF22aahxaiv,constant,changepoint_1,changepoint_1_constant,missing
ZTF22aahxaiv,constant,matern32,matern32_constant,missing
ZTF22aajakms,constant,gibbs,gibbs_constant,missing
ZTF22aajakms,constant,changepoint,changepoint_constant,missing
ZTF22aajakms,constant,changepoint_1,changepoint_1_constant,missing
ZTF22aajakms,constant,matern32,matern32_constant,missing
ZTF22aakpyqw,constant,gibbs,gibbs_constant,missing
ZTF22aakpyqw,constant,changepoint,changepoint_constant,missing
ZTF22aakpyqw,constant,changepoint_1,changepoint_1_constant,missing
ZTF22aakpyqw,constant,matern32,matern32_constant,missing
ZTF22aakyeps,constant,gibbs,gibbs_constant,missing
ZTF22aakyeps,constant,changepoint,changepoint_constant,missing
ZTF22aakyeps,constant,changepoint_1,changepoint_1_constant,missing
ZTF22aakyeps,constant,matern32,matern32_constant,missing
ZTF22aalfmec,constant,gibbs,gibbs_constant,missing
ZTF22aalfmec,constant,changepoint,changepoint_constant,missing
ZTF22aalfmec,constant,changepoint_1,changepoint_1_constant,missing
ZTF22aalfmec,constant,matern32,matern32_constant,missing
ZTF22aaolhhl,constant,gibbs,gibbs_constant,missing
ZTF22aaolhhl,constant,changepoint,changepoint_constant,missing
ZTF22aaolhhl,constant,changepoint_1,changepoint_1_constant,missing
ZTF22aaolhhl,constant,matern32,matern32_constant,missing
ZTF22aaoolua,constant,gibbs,gibbs_constant,missing
ZTF22aaoolua,constant,changepoint,changepoint_constant,missing
ZTF22aaoolua,constant,changepoint_1,changepoint_1_constant,missing
ZTF22aaoolua,constant,matern32,matern32_constant,missing
ZTF22aarbard,constant,gibbs,gibbs_constant,missing
ZTF22aarbard,constant,changepoint,changepoint_constant,missing
ZTF22aarbard,constant,changepoint_1,changepoint_1_constant,missing
ZTF22aarbard,constant,matern32,matern32_constant,missing
ZTF22aarqrxf,constant,gibbs,gibbs_constant,missing
ZTF22aarqrxf,constant,changepoint,changepoint_constant,missing
ZTF22aarqrxf,constant,changepoint_1,changepoint_1_constant,missing
ZTF22aarqrxf,constant,matern32,matern32_constant,missing
ZTF22aarwwyy,constant,gibbs,gibbs_constant,missing
ZTF22aarwwyy,constant,changepoint,changepoint_constant,missing
ZTF22aarwwyy,constant,changepoint_1,changepoint_1_constant,missing
ZTF22aarwwyy,constant,matern32,matern32_constant,missing
ZTF22aasxgjp,constant,gibbs,gibbs_constant,missing
ZTF22aasxgjp,constant,changepoint,changepoint_constant,missing
ZTF22aasxgjp,constant,changepoint_1,changepoint_1_constant,missing
ZTF22aasxgjp,constant,matern32,matern32_constant,missing
ZTF22aatunnt,constant,gibbs,gibbs_constant,missing
ZTF22aatunnt,constant,changepoint,changepoint_constant,missing
ZTF22aatunnt,constant,changepoint_1,changepoint_1_constant,missing
ZTF22aatunnt,constant,matern32,matern32_constant,missing
ZTF22aazuotw,constant,gibbs,gibbs_constant,missing
ZTF22aazuotw,constant,changepoint,changepoint_constant,missing
ZTF22aazuotw,constant,changepoint_1,changepoint_1_constant,missing
ZTF22aazuotw,constant,matern32,matern32_constant,missing
ZTF22abbdxho,constant,gibbs,gibbs_constant,missing
ZTF22abbdxho,constant,changepoint,changepoint_constant,missing
ZTF22abbdxho,constant,changepoint_1,changepoint_1_constant,missing
ZTF22abbdxho,constant,matern32,matern32_constant,missing
ZTF22abbtqnp,constant,gibbs,gibbs_constant,missing
ZTF22abbtqnp,constant,changepoint,changepoint_constant,missing
ZTF22abbtqnp,constant,changepoint_1,changepoint_1_constant,missing
ZTF22abbtqnp,constant,matern32,matern32_constant,missing
ZTF22abcsgeq,constant,gibbs,gibbs_constant,missing
ZTF22abcsgeq,constant,changepoint,changepoint_constant,missing
ZTF22abcsgeq,constant,changepoint_1,changepoint_1_constant,missing
ZTF22abcsgeq,constant,matern32,matern32_constant,missing
ZTF22abcvfgs,constant,gibbs,gibbs_constant,missing
ZTF22abcvfgs,constant,changepoint,changepoint_constant,missing
ZTF22abcvfgs,constant,changepoint_1,changepoint_1_constant,missing
ZTF22abcvfgs,constant,matern32,matern32_constant,missing
ZTF22abfrkoh,constant,gibbs,gibbs_constant,missing
ZTF22abfrkoh,constant,changepoint,changepoint_constant,missing
ZTF22abfrkoh,constant,changepoint_1,changepoint_1_constant,missing
ZTF22abfrkoh,constant,matern32,matern32_constant,missing
ZTF22abfuwel,constant,gibbs,gibbs_constant,missing
ZTF22abfuwel,constant,changepoint,changepoint_constant,missing
ZTF22abfuwel,constant,changepoint_1,changepoint_1_constant,missing
ZTF22abfuwel,constant,matern32,matern32_constant,missing
ZTF22abfyqsc,constant,gibbs,gibbs_constant,missing
ZTF22abfyqsc,constant,changepoint,changepoint_constant,missing
ZTF22abfyqsc,constant,changepoint_1,changepoint_1_constant,missing
ZTF22abfyqsc,constant,matern32,matern32_constant,missing
ZTF22abivebe,constant,gibbs,gibbs_constant,missing
ZTF22abivebe,constant,changepoint,changepoint_constant,missing
ZTF22abivebe,constant,changepoint_1,changepoint_1_constant,missing
ZTF22abivebe,constant,matern32,matern32_constant,missing
ZTF22abjafpr,constant,gibbs,gibbs_constant,missing
ZTF22abjafpr,constant,changepoint,changepoint_constant,missing
ZTF22abjafpr,constant,changepoint_1,changepoint_1_constant,missing
ZTF22abjafpr,constant,matern32,matern32_constant,missing
ZTF22abkabeh,constant,gibbs,gibbs_constant,missing
ZTF22abkabeh,constant,changepoint,changepoint_constant,missing
ZTF22abkabeh,constant,changepoint_1,changepoint_1_constant,missing
ZTF22abkabeh,constant,matern32,matern32_constant,missing
ZTF22abkbmob,constant,gibbs,gibbs_constant,missing
ZTF22abkbmob,constant,changepoint,changepoint_constant,missing
ZTF22abkbmob,constant,changepoint_1,changepoint_1_constant,missing
ZTF22abkbmob,constant,matern32,matern32_constant,missing
ZTF22abllclb,constant,gibbs,gibbs_constant,missing
ZTF22abllclb,constant,changepoint,changepoint_constant,missing
ZTF22abllclb,constant,changepoint_1,changepoint_1_constant,missing
ZTF22abllclb,constant,matern32,matern32_constant,missing
ZTF22abmonux,constant,gibbs,gibbs_constant,missing
ZTF22abmonux,constant,changepoint,changepoint_constant,missing
ZTF22abmonux,constant,changepoint_1,changepoint_1_constant,missing
ZTF22abmonux,constant,matern32,matern32_constant,missing
ZTF22abnpsou,constant,gibbs,gibbs_constant,missing
ZTF22abnpsou,constant,changepoint,changepoint_constant,missing
ZTF22abnpsou,constant,changepoint_1,changepoint_1_constant,missing
ZTF22abnpsou,constant,matern32,matern32_constant,missing
ZTF22abnvurz,constant,gibbs,gibbs_constant,missing
ZTF22abnvurz,constant,changepoint,changepoint_constant,missing
ZTF22abnvurz,constant,changepoint_1,changepoint_1_constant,missing
ZTF22abnvurz,constant,matern32,matern32_constant,missing
ZTF22absibqa,constant,gibbs,gibbs_constant,missing
ZTF22absibqa,constant,changepoint,changepoint_constant,missing
ZTF22absibqa,constant,changepoint_1,changepoint_1_constant,missing
ZTF22absibqa,constant,matern32,matern32_constant,missing
ZTF22absphuu,constant,gibbs,gibbs_constant,missing
ZTF22absphuu,constant,changepoint,changepoint_constant,missing
ZTF22absphuu,constant,changepoint_1,changepoint_1_constant,missing
ZTF22absphuu,constant,matern32,matern32_constant,missing
ZTF22abvcnnl,constant,gibbs,gibbs_constant,missing
ZTF22abvcnnl,constant,changepoint,changepoint_constant,missing
ZTF22abvcnnl,constant,changepoint_1,changepoint_1_constant,missing
ZTF22abvcnnl,constant,matern32,matern32_constant,missing
ZTF22abwtqeb,constant,gibbs,gibbs_constant,missing
ZTF22abwtqeb,constant,changepoint,changepoint_constant,missing
ZTF22abwtqeb,constant,changepoint_1,changepoint_1_constant,missing
ZTF22abwtqeb,constant,matern32,matern32_constant,missing
ZTF22abzejiv,constant,gibbs,gibbs_constant,missing
ZTF22abzejiv,constant,changepoint,changepoint_constant,missing
ZTF22abzejiv,constant,changepoint_1,changepoint_1_constant,missing
ZTF22abzejiv,constant,matern32,matern32_constant,missing
ZTF23aaahtnj,constant,gibbs,gibbs_constant,missing
ZTF23aaahtnj,constant,changepoint,changepoint_constant,missing
ZTF23aaahtnj,constant,changepoint_1,changepoint_1_constant,missing
ZTF23aaahtnj,constant,matern32,matern32_constant,missing
ZTF23aaaplam,constant,gibbs,gibbs_constant,missing
ZTF23aaaplam,constant,changepoint,changepoint_constant,missing
ZTF23aaaplam,constant,changepoint_1,changepoint_1_constant,missing
ZTF23aaaplam,constant,matern32,matern32_constant,missing
ZTF23aaazffe,constant,gibbs,gibbs_constant,missing
ZTF23aaazffe,constant,changepoint,changepoint_constant,missing
ZTF23aaazffe,constant,changepoint_1,changepoint_1_constant,missing
ZTF23aaazffe,constant,matern32,matern32_constant,missing
ZTF23aaccacy,constant,gibbs,gibbs_constant,missing
ZTF23aaccacy,constant,changepoint,changepoint_constant,missing
ZTF23aaccacy,constant,changepoint_1,changepoint_1_constant,missing
ZTF23aaccacy,constant,matern32,matern32_constant,missing
ZTF23aadaxfn,constant,gibbs,gibbs_constant,missing
ZTF23aadaxfn,constant,changepoint,changepoint_constant,missing
ZTF23aadaxfn,constant,changepoint_1,changepoint_1_constant,missing
ZTF23aadaxfn,constant,matern32,matern32_constant,missing
ZTF23aadtrzd,constant,gibbs,gibbs_constant,missing
ZTF23aadtrzd,constant,changepoint,changepoint_constant,missing
ZTF23aadtrzd,constant,changepoint_1,changepoint_1_constant,missing
ZTF23aadtrzd,constant,matern32,matern32_constant,missing
ZTF23aaecgwh,constant,gibbs,gibbs_constant,missing
ZTF23aaecgwh,constant,changepoint,changepoint_constant,missing
ZTF23aaecgwh,constant,changepoint_1,changepoint_1_constant,missing
ZTF23aaecgwh,constant,matern32,matern32_constant,missing
ZTF23aaemnzd,constant,gibbs,gibbs_constant,missing
ZTF23aaemnzd,constant,changepoint,changepoint_constant,missing
ZTF23aaemnzd,constant,changepoint_1,changepoint_1_constant,missing
ZTF23aaemnzd,constant,matern32,matern32_constant,missing
ZTF23aafwykt,constant,gibbs,gibbs_constant,missing
ZTF23aafwykt,constant,changepoint,changepoint_constant,missing
ZTF23aafwykt,constant,changepoint_1,changepoint_1_constant,missing
ZTF23aafwykt,constant,matern32,matern32_constant,missing
ZTF23aahnmag,constant,gibbs,gibbs_constant,missing
ZTF23aahnmag,constant,changepoint,changepoint_constant,missing
ZTF23aahnmag,constant,changepoint_1,changepoint_1_constant,missing
ZTF23aahnmag,constant,matern32,matern32_constant,missing
ZTF23aajakys,constant,gibbs,gibbs_constant,missing
ZTF23aajakys,constant,changepoint,changepoint_constant,missing
ZTF23aajakys,constant,changepoint_1,changepoint_1_constant,missing
ZTF23aajakys,constant,matern32,matern32_constant,missing
ZTF23aakmewi,constant,gibbs,gibbs_constant,missing
ZTF23aakmewi,constant,changepoint,changepoint_constant,missing
ZTF23aakmewi,constant,changepoint_1,changepoint_1_constant,missing
ZTF23aakmewi,constant,matern32,matern32_constant,missing
ZTF23aakstht,constant,gibbs,gibbs_constant,missing
ZTF23aakstht,constant,changepoint,changepoint_constant,missing
ZTF23aakstht,constant,changepoint_1,changepoint_1_constant,missing
ZTF23aakstht,constant,matern32,matern32_constant,missing
ZTF23aamzljd,constant,gibbs,gibbs_constant,missing
ZTF23aamzljd,constant,changepoint,changepoint_constant,missing
ZTF23aamzljd,constant,changepoint_1,changepoint_1_constant,missing
ZTF23aamzljd,constant,matern32,matern32_constant,missing
ZTF23aandvzg,constant,gibbs,gibbs_constant,missing
ZTF23aandvzg,constant,changepoint,changepoint_constant,missing
ZTF23aandvzg,constant,changepoint_1,changepoint_1_constant,missing
ZTF23aandvzg,constant,matern32,matern32_constant,missing
ZTF23aanqoyo,constant,gibbs,gibbs_constant,missing
ZTF23aanqoyo,constant,changepoint,changepoint_constant,missing
ZTF23aanqoyo,constant,changepoint_1,changepoint_1_constant,missing
ZTF23aanqoyo,constant,matern32,matern32_constant,missing
ZTF23aapbrrq,constant,gibbs,gibbs_constant,missing
ZTF23aapbrrq,constant,changepoint,changepoint_constant,missing
ZTF23aapbrrq,constant,changepoint_1,changepoint_1_constant,missing
ZTF23aapbrrq,constant,matern32,matern32_constant,missing
ZTF23aaqekiu,constant,gibbs,gibbs_constant,missing
ZTF23aaqekiu,constant,changepoint,changepoint_constant,missing
ZTF23aaqekiu,constant,changepoint_1,changepoint_1_constant,missing
ZTF23aaqekiu,constant,matern32,matern32_constant,missing
ZTF23aaspcfl,constant,gibbs,gibbs_constant,missing
ZTF23aaspcfl,constant,changepoint,changepoint_constant,missing
ZTF23aaspcfl,constant,changepoint_1,changepoint_1_constant,missing
ZTF23aaspcfl,constant,matern32,matern32_constant,missing
ZTF23aawtmcf,constant,gibbs,gibbs_constant,missing
ZTF23aawtmcf,constant,changepoint,changepoint_constant,missing
ZTF23aawtmcf,constant,changepoint_1,changepoint_1_constant,missing
ZTF23aawtmcf,constant,matern32,matern32_constant,missing
ZTF23aaxuvkn,constant,gibbs,gibbs_constant,missing
ZTF23aaxuvkn,constant,changepoint,changepoint_constant,missing
ZTF23aaxuvkn,constant,changepoint_1,changepoint_1_constant,missing
ZTF23aaxuvkn,constant,matern32,matern32_constant,missing
ZTF23aazodoj,constant,gibbs,gibbs_constant,missing
ZTF23aazodoj,constant,changepoint,changepoint_constant,missing
ZTF23aazodoj,constant,changepoint_1,changepoint_1_constant,missing
ZTF23aazodoj,constant,matern32,matern32_constant,missing
ZTF23aazuzip,constant,gibbs,gibbs_constant,missing
ZTF23aazuzip,constant,changepoint,changepoint_constant,missing
ZTF23aazuzip,constant,changepoint_1,changepoint_1_constant,missing
ZTF23aazuzip,constant,matern32,matern32_constant,missing
ZTF23abadhsw,constant,gibbs,gibbs_constant,missing
ZTF23abadhsw,constant,changepoint,changepoint_constant,missing
ZTF23abadhsw,constant,changepoint_1,changepoint_1_constant,missing
ZTF23abadhsw,constant,matern32,matern32_constant,missing
ZTF23abaxlrz,constant,gibbs,gibbs_constant,missing
ZTF23abaxlrz,constant,changepoint,changepoint_constant,missing
ZTF23abaxlrz,constant,changepoint_1,changepoint_1_constant,missing
ZTF23abaxlrz,constant,matern32,matern32_constant,missing
ZTF23abbpswf,constant,gibbs,gibbs_constant,missing
ZTF23abbpswf,constant,changepoint,changepoint_constant,missing
ZTF23abbpswf,constant,changepoint_1,changepoint_1_constant,missing
ZTF23abbpswf,constant,matern32,matern32_constant,missing
ZTF23abbskff,constant,gibbs,gibbs_constant,missing
ZTF23abbskff,constant,changepoint,changepoint_constant,missing
ZTF23abbskff,constant,changepoint_1,changepoint_1_constant,missing
ZTF23abbskff,constant,matern32,matern32_constant,missing
ZTF23abcglga,constant,gibbs,gibbs_constant,missing
ZTF23abcglga,constant,changepoint,changepoint_constant,missing
ZTF23abcglga,constant,changepoint_1,changepoint_1_constant,missing
ZTF23abcglga,constant,matern32,matern32_constant,missing
ZTF23abfmlft,constant,gibbs,gibbs_constant,missing
ZTF23abfmlft,constant,changepoint,changepoint_constant,missing
ZTF23abfmlft,constant,changepoint_1,changepoint_1_constant,missing
ZTF23abfmlft,constant,matern32,matern32_constant,missing
ZTF23abhyxpr,constant,gibbs,gibbs_constant,missing
ZTF23abhyxpr,constant,changepoint,changepoint_constant,missing
ZTF23abhyxpr,constant,changepoint_1,changepoint_1_constant,missing
ZTF23abhyxpr,constant,matern32,matern32_constant,missing
ZTF23abjhbcr,constant,gibbs,gibbs_constant,missing
ZTF23abjhbcr,constant,changepoint,changepoint_constant,missing
ZTF23abjhbcr,constant,changepoint_1,changepoint_1_constant,missing
ZTF23abjhbcr,constant,matern32,matern32_constant,missing
ZTF23abjrolk,constant,gibbs,gibbs_constant,missing
ZTF23abjrolk,constant,changepoint,changepoint_constant,missing
ZTF23abjrolk,constant,changepoint_1,changepoint_1_constant,missing
ZTF23abjrolk,constant,matern32,matern32_constant,missing
ZTF23abjzkmx,constant,gibbs,gibbs_constant,missing
ZTF23abjzkmx,constant,changepoint,changepoint_constant,missing
ZTF23abjzkmx,constant,changepoint_1,changepoint_1_constant,missing
ZTF23abjzkmx,constant,matern32,matern32_constant,missing
ZTF23abnpoqp,constant,gibbs,gibbs_constant,missing
ZTF23abnpoqp,constant,changepoint,changepoint_constant,missing
ZTF23abnpoqp,constant,changepoint_1,changepoint_1_constant,missing
ZTF23abnpoqp,constant,matern32,matern32_constant,missing
ZTF23abochfb,constant,gibbs,gibbs_constant,missing
ZTF23abochfb,constant,changepoint,changepoint_constant,missing
ZTF23abochfb,constant,changepoint_1,changepoint_1_constant,missing
ZTF23abochfb,constant,matern32,matern32_constant,missing
ZTF23abomtjc,constant,gibbs,gibbs_constant,missing
ZTF23abomtjc,constant,changepoint,changepoint_constant,missing
ZTF23abomtjc,constant,changepoint_1,changepoint_1_constant,missing
ZTF23abomtjc,constant,matern32,matern32_constant,missing
ZTF23abovaur,constant,gibbs,gibbs_constant,missing
ZTF23abovaur,constant,changepoint,changepoint_constant,missing
ZTF23abovaur,constant,changepoint_1,changepoint_1_constant,missing
ZTF23abovaur,constant,matern32,matern32_constant,missing
ZTF23abvokyz,constant,gibbs,gibbs_constant,missing
ZTF23abvokyz,constant,changepoint,changepoint_constant,missing
ZTF23abvokyz,constant,changepoint_1,changepoint_1_constant,missing
ZTF23abvokyz,constant,matern32,matern32_constant,missing
ZTF24aaabybk,constant,gibbs,gibbs_constant,missing
ZTF24aaabybk,constant,changepoint,changepoint_constant,missing
ZTF24aaabybk,constant,changepoint_1,changepoint_1_constant,missing
ZTF24aaabybk,constant,matern32,matern32_constant,missing
ZTF24aabuaij,constant,gibbs,gibbs_constant,missing
ZTF24aabuaij,constant,changepoint,changepoint_constant,missing
ZTF24aabuaij,constant,changepoint_1,changepoint_1_constant,missing
ZTF24aabuaij,constant,matern32,matern32_constant,missing
ZTF24aacjcwl,constant,gibbs,gibbs_constant,missing
ZTF24aacjcwl,constant,changepoint,changepoint_constant,missing
ZTF24aacjcwl,constant,changepoint_1,changepoint_1_constant,missing
ZTF24aacjcwl,constant,matern32,matern32_constant,missing
ZTF24aacrbua,constant,gibbs,gibbs_constant,missing
ZTF24aacrbua,constant,changepoint,changepoint_constant,missing
ZTF24aacrbua,constant,changepoint_1,changepoint_1_constant,missing
ZTF24aacrbua,constant,matern32,matern32_constant,missing
ZTF24aadfmaf,constant,gibbs,gibbs_constant,missing
ZTF24aadfmaf,constant,changepoint,changepoint_constant,missing
ZTF24aadfmaf,constant,changepoint_1,changepoint_1_constant,missing
ZTF24aadfmaf,constant,matern32,matern32_constant,missing
ZTF24aaeczdw,constant,gibbs,gibbs_constant,missing
ZTF24aaeczdw,constant,changepoint,changepoint_constant,missing
ZTF24aaeczdw,constant,changepoint_1,changepoint_1_constant,missing
ZTF24aaeczdw,constant,matern32,matern32_constant,missing
ZTF24aagfeti,constant,gibbs,gibbs_constant,missing
ZTF24aagfeti,constant,changepoint,changepoint_constant,missing
ZTF24aagfeti,constant,changepoint_1,changepoint_1_constant,missing
ZTF24aagfeti,constant,matern32,matern32_constant,missing
ZTF24aagkjca,constant,gibbs,gibbs_constant,missing
ZTF24aagkjca,constant,changepoint,changepoint_constant,missing
ZTF24aagkjca,constant,changepoint_1,changepoint_1_constant,missing
ZTF24aagkjca,constant,matern32,matern32_constant,missing
ZTF24aagterj,constant,gibbs,gibbs_constant,missing
ZTF24aagterj,constant,changepoint,changepoint_constant,missing
ZTF24aagterj,constant,changepoint_1,changepoint_1_constant,missing
ZTF24aagterj,constant,matern32,matern32_constant,missing
ZTF24aagtmbq,constant,gibbs,gibbs_constant,missing
ZTF24aagtmbq,constant,changepoint,changepoint_constant,missing
ZTF24aagtmbq,constant,changepoint_1,changepoint_1_constant,missing
ZTF24aagtmbq,constant,matern32,matern32_constant,missing
ZTF24aahuzig,constant,gibbs,gibbs_constant,missing
ZTF24aahuzig,constant,changepoint,changepoint_constant,missing
ZTF24aahuzig,constant,changepoint_1,changepoint_1_constant,missing
ZTF24aahuzig,constant,matern32,matern32_constant,missing
ZTF24aajdqbw,constant,gibbs,gibbs_constant,missing
ZTF24aajdqbw,constant,changepoint,changepoint_constant,missing
ZTF24aajdqbw,constant,changepoint_1,changepoint_1_constant,missing
ZTF24aajdqbw,constant,matern32,matern32_constant,missing
ZTF24aajivqf,constant,gibbs,gibbs_constant,missing
ZTF24aajivqf,constant,changepoint,changepoint_constant,missing
ZTF24aajivqf,constant,changepoint_1,changepoint_1_constant,missing
ZTF24aajivqf,constant,matern32,matern32_constant,missing
ZTF24aajqamj,constant,gibbs,gibbs_constant,missing
ZTF24aajqamj,constant,changepoint,changepoint_constant,missing
ZTF24aajqamj,constant,changepoint_1,changepoint_1_constant,missing
ZTF24aajqamj,constant,matern32,matern32_constant,missing
ZTF24aakaiqs,constant,gibbs,gibbs_constant,missing
ZTF24aakaiqs,constant,changepoint,changepoint_constant,missing
ZTF24aakaiqs,constant,changepoint_1,changepoint_1_constant,missing
ZTF24aakaiqs,constant,matern32,matern32_constant,missing
ZTF24aakftxp,constant,gibbs,gibbs_constant,missing
ZTF24aakftxp,constant,changepoint,changepoint_constant,missing
ZTF24aakftxp,constant,changepoint_1,changepoint_1_constant,missing
ZTF24aakftxp,constant,matern32,matern32_constant,missing
ZTF24aancgyl,constant,gibbs,gibbs_constant,missing
ZTF24aancgyl,constant,changepoint,changepoint_constant,missing
ZTF24aancgyl,constant,changepoint_1,changepoint_1_constant,missing
ZTF24aancgyl,constant,matern32,matern32_constant,missing
ZTF24aaowjlw,constant,gibbs,gibbs_constant,missing
ZTF24aaowjlw,constant,changepoint,changepoint_constant,missing
ZTF24aaowjlw,constant,changepoint_1,changepoint_1_constant,missing
ZTF24aaowjlw,constant,matern32,matern32_constant,missing
ZTF24aapadbb,constant,gibbs,gibbs_constant,missing
ZTF24aapadbb,constant,changepoint,changepoint_constant,missing
ZTF24aapadbb,constant,changepoint_1,changepoint_1_constant,missing
ZTF24aapadbb,constant,matern32,matern32_constant,missing
ZTF24aateouu,constant,gibbs,gibbs_constant,missing
ZTF24aateouu,constant,changepoint,changepoint_constant,missing
ZTF24aateouu,constant,changepoint_1,changepoint_1_constant,missing
ZTF24aateouu,constant,matern32,matern32_constant,missing
ZTF24aawjwxx,constant,gibbs,gibbs_constant,missing
ZTF24aawjwxx,constant,changepoint,changepoint_constant,missing
ZTF24aawjwxx,constant,changepoint_1,changepoint_1_constant,missing
ZTF24aawjwxx,constant,matern32,matern32_constant,missing
ZTF24aawtoiv,constant,gibbs,gibbs_constant,missing
ZTF24aawtoiv,constant,changepoint,changepoint_constant,missing
ZTF24aawtoiv,constant,changepoint_1,changepoint_1_constant,missing
ZTF24aawtoiv,constant,matern32,matern32_constant,missing
ZTF24aayikbu,constant,gibbs,gibbs_constant,missing
ZTF24aayikbu,constant,changepoint,changepoint_constant,missing
ZTF24aayikbu,constant,changepoint_1,changepoint_1_constant,missing
ZTF24aayikbu,constant,matern32,matern32_constant,missing
ZTF24aayimjt,constant,gibbs,gibbs_constant,missing
ZTF24aayimjt,constant,changepoint,changepoint_constant,missing
ZTF24aayimjt,constant,changepoint_1,changepoint_1_constant,missing
ZTF24aayimjt,constant,matern32,matern32_constant,missing
ZTF24aaymkrs,constant,gibbs,gibbs_constant,missing
ZTF24aaymkrs,constant,changepoint,changepoint_constant,missing
ZTF24aaymkrs,constant,changepoint_1,changepoint_1_constant,missing
ZTF24aaymkrs,constant,matern32,matern32_constant,missing
ZTF24aaysowl,constant,gibbs,gibbs_constant,missing
ZTF24aaysowl,constant,changepoint,changepoint_constant,missing
ZTF24aaysowl,constant,changepoint_1,changepoint_1_constant,missing
ZTF24aaysowl,constant,matern32,matern32_constant,missing
ZTF24aazmqbf,constant,gibbs,gibbs_constant,missing
ZTF24aazmqbf,constant,changepoint,changepoint_constant,missing
ZTF24aazmqbf,constant,changepoint_1,changepoint_1_constant,missing
ZTF24aazmqbf,constant,matern32,matern32_constant,missing
ZTF24aazqavh,constant,gibbs,gibbs_constant,missing
ZTF24aazqavh,constant,changepoint,changepoint_constant,missing
ZTF24aazqavh,constant,changepoint_1,changepoint_1_constant,missing
ZTF24aazqavh,constant,matern32,matern32_constant,missing
ZTF24aaztbct,constant,gibbs,gibbs_constant,missing
ZTF24aaztbct,constant,changepoint,changepoint_constant,missing
ZTF24aaztbct,constant,changepoint_1,changepoint_1_constant,missing
ZTF24aaztbct,constant,matern32,matern32_constant,missing
ZTF24abajmau,constant,gibbs,gibbs_constant,missing
ZTF24abajmau,constant,changepoint,changepoint_constant,missing
ZTF24abajmau,constant,changepoint_1,changepoint_1_constant,missing
ZTF24abajmau,constant,matern32,matern32_constant,missing
ZTF24abavusp,constant,gibbs,gibbs_constant,missing
ZTF24abavusp,constant,changepoint,changepoint_constant,missing
ZTF24abavusp,constant,changepoint_1,changepoint_1_constant,missing
ZTF24abavusp,constant,matern32,matern32_constant,missing
ZTF24abbsuhu,constant,gibbs,gibbs_constant,missing
ZTF24abbsuhu,constant,changepoint,changepoint_constant,missing
ZTF24abbsuhu,constant,changepoint_1,changepoint_1_constant,missing
ZTF24abbsuhu,constant,matern32,matern32_constant,missing
ZTF24abchdsc,constant,gibbs,gibbs_constant,missing
ZTF24abchdsc,constant,changepoint,changepoint_constant,missing
ZTF24abchdsc,constant,changepoint_1,changepoint_1_constant,missing
ZTF24abchdsc,constant,matern32,matern32_constant,missing
ZTF24abdiwwv,constant,gibbs,gibbs_constant,missing
ZTF24abdiwwv,constant,changepoint,changepoint_constant,missing
ZTF24abdiwwv,constant,changepoint_1,changepoint_1_constant,missing
ZTF24abdiwwv,constant,matern32,matern32_constant,missing
ZTF24abhhzrp,constant,gibbs,gibbs_constant,missing
ZTF24abhhzrp,constant,changepoint,changepoint_constant,missing
ZTF24abhhzrp,constant,changepoint_1,changepoint_1_constant,missing
ZTF24abhhzrp,constant,matern32,matern32_constant,missing
ZTF24abhsqly,constant,gibbs,gibbs_constant,missing
ZTF24abhsqly,constant,changepoint,changepoint_constant,missing
ZTF24abhsqly,constant,changepoint_1,changepoint_1_constant,missing
ZTF24abhsqly,constant,matern32,matern32_constant,missing
ZTF24abiifei,constant,gibbs,gibbs_constant,missing
ZTF24abiifei,constant,changepoint,changepoint_constant,missing
ZTF24abiifei,constant,changepoint_1,changepoint_1_constant,missing
ZTF24abiifei,constant,matern32,matern32_constant,missing
ZTF24abimpmc,constant,gibbs,gibbs_constant,missing
ZTF24abimpmc,constant,changepoint,changepoint_constant,missing
ZTF24abimpmc,constant,changepoint_1,changepoint_1_constant,missing
ZTF24abimpmc,constant,matern32,matern32_constant,missing
ZTF24abiwzzc,constant,gibbs,gibbs_constant,missing
ZTF24abiwzzc,constant,changepoint,changepoint_constant,missing
ZTF24abiwzzc,constant,changepoint_1,changepoint_1_constant,missing
ZTF24abiwzzc,constant,matern32,matern32_constant,missing
ZTF24abkiblx,constant,gibbs,gibbs_constant,missing
ZTF24abkiblx,constant,changepoint,changepoint_constant,missing
ZTF24abkiblx,constant,changepoint_1,changepoint_1_constant,missing
ZTF24abkiblx,constant,matern32,matern32_constant,missing
ZTF24ablmayf,constant,gibbs,gibbs_constant,missing
ZTF24ablmayf,constant,changepoint,changepoint_constant,missing
ZTF24ablmayf,constant,changepoint_1,changepoint_1_constant,missing
ZTF24ablmayf,constant,matern32,matern32_constant,missing
ZTF24ablsxza,constant,gibbs,gibbs_constant,missing
ZTF24ablsxza,constant,changepoint,changepoint_constant,missing
ZTF24ablsxza,constant,changepoint_1,changepoint_1_constant,missing
ZTF24ablsxza,constant,matern32,matern32_constant,missing
ZTF24abltheg,constant,gibbs,gibbs_constant,missing
ZTF24abltheg,constant,changepoint,changepoint_constant,missing
ZTF24abltheg,constant,changepoint_1,changepoint_1_constant,missing
ZTF24abltheg,constant,matern32,matern32_constant,missing
ZTF24abnafgr,constant,gibbs,gibbs_constant,missing
ZTF24abnafgr,constant,changepoint,changepoint_constant,missing
ZTF24abnafgr,constant,changepoint_1,changepoint_1_constant,missing
ZTF24abnafgr,constant,matern32,matern32_constant,missing
ZTF24abncuhj,constant,gibbs,gibbs_constant,missing
ZTF24abncuhj,constant,changepoint,changepoint_constant,missing
ZTF24abncuhj,constant,changepoint_1,changepoint_1_constant,missing
ZTF24abncuhj,constant,matern32,matern32_constant,missing
ZTF24abnsght,constant,gibbs,gibbs_constant,missing
ZTF24abnsght,constant,changepoint,changepoint_constant,missing
ZTF24abnsght,constant,changepoint_1,changepoint_1_constant,missing
ZTF24abnsght,constant,matern32,matern32_constant,missing
ZTF24abpqghw,constant,gibbs,gibbs_constant,missing
ZTF24abpqghw,constant,changepoint,changepoint_constant,missing
ZTF24abpqghw,constant,changepoint_1,changepoint_1_constant,missing
ZTF24abpqghw,constant,matern32,matern32_constant,missing
ZTF24abqbyxd,constant,gibbs,gibbs_constant,missing
ZTF24abqbyxd,constant,changepoint,changepoint_constant,missing
ZTF24abqbyxd,constant,changepoint_1,changepoint_1_constant,missing
ZTF24abqbyxd,constant,matern32,matern32_constant,missing
ZTF24abroqvs,constant,gibbs,gibbs_constant,missing
ZTF24abroqvs,constant,changepoint,changepoint_constant,missing
ZTF24abroqvs,constant,changepoint_1,changepoint_1_constant,missing
ZTF24abroqvs,constant,matern32,matern32_constant,missing
ZTF24absrpsn,constant,gibbs,gibbs_constant,missing
ZTF24absrpsn,constant,changepoint,changepoint_constant,missing
ZTF24absrpsn,constant,changepoint_1,changepoint_1_constant,missing
ZTF24absrpsn,constant,matern32,matern32_constant,missing
ZTF24absznoi,constant,gibbs,gibbs_constant,missing
ZTF24absznoi,constant,changepoint,changepoint_constant,missing
ZTF24absznoi,constant,changepoint_1,changepoint_1_constant,missing
ZTF24absznoi,constant,matern32,matern32_constant,missing
ZTF24abtlppf,constant,gibbs,gibbs_constant,missing
ZTF24abtlppf,constant,changepoint,changepoint_constant,missing
ZTF24abtlppf,constant,changepoint_1,changepoint_1_constant,missing
ZTF24abtlppf,constant,matern32,matern32_constant,missing
ZTF24abtmueg,constant,gibbs,gibbs_constant,missing
ZTF24abtmueg,constant,changepoint,changepoint_constant,missing
ZTF24abtmueg,constant,changepoint_1,changepoint_1_constant,missing
ZTF24abtmueg,constant,matern32,matern32_constant,missing
ZTF24abtnkbi,constant,gibbs,gibbs_constant,missing
ZTF24abtnkbi,constant,changepoint,changepoint_constant,missing
ZTF24abtnkbi,constant,changepoint_1,changepoint_1_constant,missing
ZTF24abtnkbi,constant,matern32,matern32_constant,missing
ZTF24abwmzop,constant,gibbs,gibbs_constant,missing
ZTF24abwmzop,constant,changepoint,changepoint_constant,missing
ZTF24abwmzop,constant,changepoint_1,changepoint_1_constant,missing
ZTF24abwmzop,constant,matern32,matern32_constant,missing
ZTF24abxxniy,constant,gibbs,gibbs_constant,missing
ZTF24abxxniy,constant,changepoint,changepoint_constant,missing
ZTF24abxxniy,constant,changepoint_1,changepoint_1_constant,missing
ZTF24abxxniy,constant,matern32,matern32_constant,missing
ZTF24abygyka,constant,gibbs,gibbs_constant,missing
ZTF24abygyka,constant,changepoint,changepoint_constant,missing
ZTF24abygyka,constant,changepoint_1,changepoint_1_constant,missing
ZTF24abygyka,constant,matern32,matern32_constant,missing
ZTF24abzgggz,constant,gibbs,gibbs_constant,missing
ZTF24abzgggz,constant,changepoint,changepoint_constant,missing
ZTF24abzgggz,constant,changepoint_1,changepoint_1_constant,missing
ZTF24abzgggz,constant,matern32,matern32_constant,missing
ZTF24abzmhtv,constant,gibbs,gibbs_constant,missing
ZTF24abzmhtv,constant,changepoint,changepoint_constant,missing
ZTF24abzmhtv,constant,changepoint_1,changepoint_1_constant,missing
ZTF24abzmhtv,constant,matern32,matern32_constant,missing
ZTF25aaadytl,constant,gibbs,gibbs_constant,missing
ZTF25aaadytl,constant,changepoint,changepoint_constant,missing
ZTF25aaadytl,constant,changepoint_1,changepoint_1_constant,missing
ZTF25aaadytl,constant,matern32,matern32_constant,missing
ZTF25aaaecsu,constant,gibbs,gibbs_constant,missing
ZTF25aaaecsu,constant,changepoint,changepoint_constant,missing
ZTF25aaaecsu,constant,changepoint_1,changepoint_1_constant,missing
ZTF25aaaecsu,constant,matern32,matern32_constant,missing
ZTF25aaaeykb,constant,gibbs,gibbs_constant,missing
ZTF25aaaeykb,constant,changepoint,changepoint_constant,missing
ZTF25aaaeykb,constant,changepoint_1,changepoint_1_constant,missing
ZTF25aaaeykb,constant,matern32,matern32_constant,missing
ZTF25aabzbve,constant,gibbs,gibbs_constant,missing
ZTF25aabzbve,constant,changepoint,changepoint_constant,missing
ZTF25aabzbve,constant,changepoint_1,changepoint_1_constant,missing
ZTF25aabzbve,constant,matern32,matern32_constant,missing
ZTF25aaccmjq,constant,gibbs,gibbs_constant,missing
ZTF25aaccmjq,constant,changepoint,changepoint_constant,missing
ZTF25aaccmjq,constant,changepoint_1,changepoint_1_constant,missing
ZTF25aaccmjq,constant,matern32,matern32_constant,missing
ZTF25aadnogd,constant,gibbs,gibbs_constant,missing
ZTF25aadnogd,constant,changepoint,changepoint_constant,missing
ZTF25aadnogd,constant,changepoint_1,changepoint_1_constant,missing
ZTF25aadnogd,constant,matern32,matern32_constant,missing
ZTF25aafdnuf,constant,gibbs,gibbs_constant,missing
ZTF25aafdnuf,constant,changepoint,changepoint_constant,missing
ZTF25aafdnuf,constant,changepoint_1,changepoint_1_constant,missing
ZTF25aafdnuf,constant,matern32,matern32_constant,missing
ZTF25aafedas,constant,gibbs,gibbs_constant,missing
ZTF25aafedas,constant,changepoint,changepoint_constant,missing
ZTF25aafedas,constant,changepoint_1,changepoint_1_constant,missing
ZTF25aafedas,constant,matern32,matern32_constant,missing
ZTF25aafkxdu,constant,gibbs,gibbs_constant,missing
ZTF25aafkxdu,constant,changepoint,changepoint_constant,missing
ZTF25aafkxdu,constant,changepoint_1,changepoint_1_constant,missing
ZTF25aafkxdu,constant,matern32,matern32_constant,missing
ZTF25aajbcmc,constant,gibbs,gibbs_constant,missing
ZTF25aajbcmc,constant,changepoint,changepoint_constant,missing
ZTF25aajbcmc,constant,changepoint_1,changepoint_1_constant,missing
ZTF25aajbcmc,constant,matern32,matern32_constant,missing
ZTF25aajgfsk,constant,gibbs,gibbs_constant,missing
ZTF25aajgfsk,constant,changepoint,changepoint_constant,missing
ZTF25aajgfsk,constant,changepoint_1,changepoint_1_constant,missing
ZTF25aajgfsk,constant,matern32,matern32_constant,missing
ZTF25aajuqtp,constant,gibbs,gibbs_constant,missing
ZTF25aajuqtp,constant,changepoint,changepoint_constant,missing
ZTF25aajuqtp,constant,changepoint_1,changepoint_1_constant,missing
ZTF25aajuqtp,constant,matern32,matern32_constant,missing
ZTF25aakbbof,constant,gibbs,gibbs_constant,missing
ZTF25aakbbof,constant,changepoint,changepoint_constant,missing
ZTF25aakbbof,constant,changepoint_1,changepoint_1_constant,missing
ZTF25aakbbof,constant,matern32,matern32_constant,missing
ZTF25aakeqyr,constant,gibbs,gibbs_constant,missing
ZTF25aakeqyr,constant,changepoint,changepoint_constant,missing
ZTF25aakeqyr,constant,changepoint_1,changepoint_1_constant,missing
ZTF25aakeqyr,constant,matern32,matern32_constant,missing
ZTF25aamplge,constant,gibbs,gibbs_constant,missing
ZTF25aamplge,constant,changepoint,changepoint_constant,missing
ZTF25aamplge,constant,changepoint_1,changepoint_1_constant,missing
ZTF25aamplge,constant,matern32,matern32_constant,missing
ZTF25aankyie,constant,gibbs,gibbs_constant,missing
ZTF25aankyie,constant,changepoint,changepoint_constant,missing
ZTF25aankyie,constant,changepoint_1,changepoint_1_constant,missing
ZTF25aankyie,constant,matern32,matern32_constant,missing
ZTF25aanxtou,constant,gibbs,gibbs_constant,missing
ZTF25aanxtou,constant,changepoint,changepoint_constant,missing
ZTF25aanxtou,constant,changepoint_1,changepoint_1_constant,missing
ZTF25aanxtou,constant,matern32,matern32_constant,missing
ZTF25aaomnws,constant,gibbs,gibbs_constant,missing
ZTF25aaomnws,constant,changepoint,changepoint_constant,missing
ZTF25aaomnws,constant,changepoint_1,changepoint_1_constant,missing
ZTF25aaomnws,constant,matern32,matern32_constant,missing
ZTF25aarmzhx,constant,gibbs,gibbs_constant,missing
ZTF25aarmzhx,constant,changepoint,changepoint_constant,missing
ZTF25aarmzhx,constant,changepoint_1,changepoint_1_constant,missing
ZTF25aarmzhx,constant,matern32,matern32_constant,missing
ZTF25aaurzyo,constant,gibbs,gibbs_constant,missing
ZTF25aaurzyo,constant,changepoint,changepoint_constant,missing
ZTF25aaurzyo,constant,changepoint_1,changepoint_1_constant,missing
ZTF25aaurzyo,constant,matern32,matern32_constant,missing
ZTF25aavahfn,constant,gibbs,gibbs_constant,missing
ZTF25aavahfn,constant,changepoint,changepoint_constant,missing
ZTF25aavahfn,constant,changepoint_1,changepoint_1_constant,missing
ZTF25aavahfn,constant,matern32,matern32_constant,missing
ZTF25aawaobl,constant,gibbs,gibbs_constant,missing
ZTF25aawaobl,constant,changepoint,changepoint_constant,missing
ZTF25aawaobl,constant,changepoint_1,changepoint_1_constant,missing
ZTF25aawaobl,constant,matern32,matern32_constant,missing
ZTF25aaxegmh,constant,gibbs,gibbs_constant,missing
ZTF25aaxegmh,constant,changepoint,changepoint_constant,missing
ZTF25aaxegmh,constant,changepoint_1,changepoint_1_constant,missing
ZTF25aaxegmh,constant,matern32,matern32_constant,missing
ZTF25abbzsku,constant,gibbs,gibbs_constant,missing
ZTF25abbzsku,constant,changepoint,changepoint_constant,missing
ZTF25abbzsku,constant,changepoint_1,changepoint_1_constant,missing
ZTF25abbzsku,constant,matern32,matern32_constant,missing
ZTF25abclliu,constant,gibbs,gibbs_constant,missing
ZTF25abclliu,constant,changepoint,changepoint_constant,missing
ZTF25abclliu,constant,changepoint_1,changepoint_1_constant,missing
ZTF25abclliu,constant,matern32,matern32_constant,missing
ZTF25abcydiy,constant,gibbs,gibbs_constant,missing
ZTF25abcydiy,constant,changepoint,changepoint_constant,missing
ZTF25abcydiy,constant,changepoint_1,changepoint_1_constant,missing
ZTF25abcydiy,constant,matern32,matern32_constant,missing
ZTF25abecvml,constant,gibbs,gibbs_constant,missing
ZTF25abecvml,constant,changepoint,changepoint_constant,missing
ZTF25abecvml,constant,changepoint_1,changepoint_1_constant,missing
ZTF25abecvml,constant,matern32,matern32_constant,missing
ZTF25abixhdc,constant,gibbs,gibbs_constant,missing
ZTF25abixhdc,constant,changepoint,changepoint_constant,missing
ZTF25abixhdc,constant,changepoint_1,changepoint_1_constant,missing
ZTF25abixhdc,constant,matern32,matern32_constant,missing
ZTF25abkwytp,constant,gibbs,gibbs_constant,missing
ZTF25abkwytp,constant,changepoint,changepoint_constant,missing
ZTF25abkwytp,constant,changepoint_1,changepoint_1_constant,missing
ZTF25abkwytp,constant,matern32,matern32_constant,missing
ZTF25ablgkgi,constant,gibbs,gibbs_constant,missing
ZTF25ablgkgi,constant,changepoint,changepoint_constant,missing
ZTF25ablgkgi,constant,changepoint_1,changepoint_1_constant,missing
ZTF25ablgkgi,constant,matern32,matern32_constant,missing
ZTF25ablulax,constant,gibbs,gibbs_constant,missing
ZTF25ablulax,constant,changepoint,changepoint_constant,missing
ZTF25ablulax,constant,changepoint_1,changepoint_1_constant,missing
ZTF25ablulax,constant,matern32,matern32_constant,missing
ZTF25abmjfcf,constant,gibbs,gibbs_constant,missing
ZTF25abmjfcf,constant,changepoint,changepoint_constant,missing
ZTF25abmjfcf,constant,changepoint_1,changepoint_1_constant,missing
ZTF25abmjfcf,constant,matern32,matern32_constant,missing
ZTF25abmsmeg,constant,gibbs,gibbs_constant,missing
ZTF25abmsmeg,constant,changepoint,changepoint_constant,missing
ZTF25abmsmeg,constant,changepoint_1,changepoint_1_constant,missing
ZTF25abmsmeg,constant,matern32,matern32_constant,missing
ZTF25abmtiec,constant,gibbs,gibbs_constant,missing
ZTF25abmtiec,constant,changepoint,changepoint_constant,missing
ZTF25abmtiec,constant,changepoint_1,changepoint_1_constant,missing
ZTF25abmtiec,constant,matern32,matern32_constant,missing
ZTF25aboftol,constant,gibbs,gibbs_constant,missing
ZTF25aboftol,constant,changepoint,changepoint_constant,missing
ZTF25aboftol,constant,changepoint_1,changepoint_1_constant,missing
ZTF25aboftol,constant,matern32,matern32_constant,missing
ZTF25abqsbxy,constant,gibbs,gibbs_constant,missing
ZTF25abqsbxy,constant,changepoint,changepoint_constant,missing
ZTF25abqsbxy,constant,changepoint_1,changepoint_1_constant,missing
ZTF25abqsbxy,constant,matern32,matern32_constant,missing
ZTF25abvbjre,constant,gibbs,gibbs_constant,missing
ZTF25abvbjre,constant,changepoint,changepoint_constant,missing
ZTF25abvbjre,constant,changepoint_1,changepoint_1_constant,missing
ZTF25abvbjre,constant,matern32,matern32_constant,missing
ZTF25abvcnay,constant,gibbs,gibbs_constant,missing
ZTF25abvcnay,constant,changepoint,changepoint_constant,missing
ZTF25abvcnay,constant,changepoint_1,changepoint_1_constant,missing
ZTF25abvcnay,constant,matern32,matern32_constant,missing
ZTF25abweqoj,constant,gibbs,gibbs_constant,missing
ZTF25abweqoj,constant,changepoint,changepoint_constant,missing
ZTF25abweqoj,constant,changepoint_1,changepoint_1_constant,missing
ZTF25abweqoj,constant,matern32,matern32_constant,missing
ZTF25abwophe,constant,gibbs,gibbs_constant,missing
ZTF25abwophe,constant,changepoint,changepoint_constant,missing
ZTF25abwophe,constant,changepoint_1,changepoint_1_constant,missing
ZTF25abwophe,constant,matern32,matern32_constant,missing
ZTF25abxfsza,constant,gibbs,gibbs_constant,missing
ZTF25abxfsza,constant,changepoint,changepoint_constant,missing
ZTF25abxfsza,constant,changepoint_1,changepoint_1_constant,missing
ZTF25abxfsza,constant,matern32,matern32_constant,missing
ZTF25abyevmr,constant,gibbs,gibbs_constant,missing
ZTF25abyevmr,constant,changepoint,changepoint_constant,missing
ZTF25abyevmr,constant,changepoint_1,changepoint_1_constant,missing
ZTF25abyevmr,constant,matern32,matern32_constant,missing
ZTF25abyrwhz,constant,gibbs,gibbs_constant,missing
ZTF25abyrwhz,constant,changepoint,changepoint_constant,missing
ZTF25abyrwhz,constant,changepoint_1,changepoint_1_constant,missing
ZTF25abyrwhz,constant,matern32,matern32_constant,missing
ZTF25abzudli,constant,gibbs,gibbs_constant,missing
ZTF25abzudli,constant,changepoint,changepoint_constant,missing
ZTF25abzudli,constant,changepoint_1,changepoint_1_constant,missing
ZTF25abzudli,constant,matern32,matern32_constant,missing
ZTF25acbzkov,constant,gibbs,gibbs_constant,missing
ZTF25acbzkov,constant,changepoint,changepoint_constant,missing
ZTF25acbzkov,constant,changepoint_1,changepoint_1_constant,missing
ZTF25acbzkov,constant,matern32,matern32_constant,missing
ZTF25accmopr,constant,gibbs,gibbs_constant,missing
ZTF25accmopr,constant,changepoint,changepoint_constant,missing
ZTF25accmopr,constant,changepoint_1,changepoint_1_constant,missing
ZTF25accmopr,constant,matern32,matern32_constant,missing
ZTF25acdktzt,constant,gibbs,gibbs_constant,missing
ZTF25acdktzt,constant,changepoint,changepoint_constant,missing
ZTF25acdktzt,constant,changepoint_1,changepoint_1_constant,missing
ZTF25acdktzt,constant,matern32,matern32_constant,missing
ZTF25acemaph,constant,gibbs,gibbs_constant,missing
ZTF25acemaph,constant,changepoint,changepoint_constant,missing
ZTF25acemaph,constant,changepoint_1,changepoint_1_constant,missing
ZTF25acemaph,constant,matern32,matern32_constant,missing
ZTF25aceopyo,constant,gibbs,gibbs_constant,missing
ZTF25aceopyo,constant,changepoint,changepoint_constant,missing
ZTF25aceopyo,constant,changepoint_1,changepoint_1_constant,missing
ZTF25aceopyo,constant,matern32,matern32_constant,missing
ZTF25acgdfwz,constant,gibbs,gibbs_constant,missing
ZTF25acgdfwz,constant,changepoint,changepoint_constant,missing
ZTF25acgdfwz,constant,changepoint_1,changepoint_1_constant,missing
ZTF25acgdfwz,constant,matern32,matern32_constant,missing
ZTF26aaakmmc,constant,gibbs,gibbs_constant,missing
ZTF26aaakmmc,constant,changepoint,changepoint_constant,missing
ZTF26aaakmmc,constant,changepoint_1,changepoint_1_constant,missing
ZTF26aaakmmc,constant,matern32,matern32_constant,missing
ZTF26aadqfik,constant,gibbs,gibbs_constant,missing
ZTF26aadqfik,constant,changepoint,changepoint_constant,missing
ZTF26aadqfik,constant,changepoint_1,changepoint_1_constant,missing
ZTF26aadqfik,constant,matern32,matern32_constant,missing
ZTF26aadqwlb,constant,gibbs,gibbs_constant,missing
ZTF26aadqwlb,constant,changepoint,changepoint_constant,missing
ZTF26aadqwlb,constant,changepoint_1,changepoint_1_constant,missing
ZTF26aadqwlb,constant,matern32,matern32_constant,missing
ZTF26aagbzrh,constant,gibbs,gibbs_constant,missing
ZTF26aagbzrh,constant,changepoint,changepoint_constant,missing
ZTF26aagbzrh,constant,changepoint_1,changepoint_1_constant,missing
ZTF26aagbzrh,constant,matern32,matern32_constant,missing
ZTF26aagrmky,constant,gibbs,gibbs_constant,missing
ZTF26aagrmky,constant,changepoint,changepoint_constant,missing
ZTF26aagrmky,constant,changepoint_1,changepoint_1_constant,missing
ZTF26aagrmky,constant,matern32,matern32_constant,missing
ZTF26aahinar,constant,gibbs,gibbs_constant,missing
ZTF26aahinar,constant,changepoint,changepoint_constant,missing
ZTF26aahinar,constant,changepoint_1,changepoint_1_constant,missing
ZTF26aahinar,constant,matern32,matern32_constant,missing
ZTF26aahjdpb,constant,gibbs,gibbs_constant,missing
ZTF26aahjdpb,constant,changepoint,changepoint_constant,missing
ZTF26aahjdpb,constant,changepoint_1,changepoint_1_constant,missing
ZTF26aahjdpb,constant,matern32,matern32_constant,missing
ZTF26aajnayv,constant,gibbs,gibbs_constant,missing
ZTF26aajnayv,constant,changepoint,changepoint_constant,missing
ZTF26aajnayv,constant,changepoint_1,changepoint_1_constant,missing
ZTF26aajnayv,constant,matern32,matern32_constant,missing
ZTF26aakdoou,constant,gibbs,gibbs_constant,missing
ZTF26aakdoou,constant,changepoint,changepoint_constant,missing
ZTF26aakdoou,constant,changepoint_1,changepoint_1_constant,missing
ZTF26aakdoou,constant,matern32,matern32_constant,missing
ZTF26aalsmpp,constant,gibbs,gibbs_constant,missing
ZTF26aalsmpp,constant,changepoint,changepoint_constant,missing
ZTF26aalsmpp,constant,changepoint_1,changepoint_1_constant,missing
ZTF26aalsmpp,constant,matern32,matern32_constant,missing
ZTF26aaqxhgb,constant,gibbs,gibbs_constant,missing
ZTF26aaqxhgb,constant,changepoint,changepoint_constant,missing
ZTF26aaqxhgb,constant,changepoint_1,changepoint_1_constant,missing
ZTF26aaqxhgb,constant,matern32,matern32_constant,missing
ZTF26aarkqap,constant,gibbs,gibbs_constant,missing
ZTF26aarkqap,constant,changepoint,changepoint_constant,missing
ZTF26aarkqap,constant,changepoint_1,changepoint_1_constant,missing
ZTF26aarkqap,constant,matern32,matern32_constant,missing
ZTF26aatlolu,constant,gibbs,gibbs_constant,missing
ZTF26aatlolu,constant,changepoint,changepoint_constant,missing
ZTF26aatlolu,constant,changepoint_1,changepoint_1_constant,missing
ZTF26aatlolu,constant,matern32,matern32_constant,missing
ZTF26aaulhci,constant,gibbs,gibbs_constant,missing
ZTF26aaulhci,constant,changepoint,changepoint_constant,missing
ZTF26aaulhci,constant,changepoint_1,changepoint_1_constant,missing
ZTF26aaulhci,constant,matern32,matern32_constant,missing
